"","continent_level","date","cases","new_cases","deaths","new_deaths","days_since_death10","days_since_case100","continent","pop","per100k","newper100k","deathsper100k","newdeathsper100k"
"1","Africa",2020-02-14,1,1,0,0,0,0,"Africa",1.2e+09,0,0,0,0
"2","Africa",2020-02-15,1,0,0,0,0,0,"Africa",1.2e+09,0,0,0,0
"3","Africa",2020-02-16,1,0,0,0,0,0,"Africa",1.2e+09,0,0,0,0
"4","Africa",2020-02-17,1,0,0,0,0,0,"Africa",1.2e+09,0,0,0,0
"5","Africa",2020-02-18,1,0,0,0,0,0,"Africa",1.2e+09,0,0,0,0
"6","Africa",2020-02-19,1,0,0,0,0,0,"Africa",1.2e+09,0,0,0,0
"7","Africa",2020-02-20,1,0,0,0,0,0,"Africa",1.2e+09,0,0,0,0
"8","Africa",2020-02-21,1,0,0,0,0,0,"Africa",1.2e+09,0,0,0,0
"9","Africa",2020-02-22,1,0,0,0,0,0,"Africa",1.2e+09,0,0,0,0
"10","Africa",2020-02-23,1,0,0,0,0,0,"Africa",1.2e+09,0,0,0,0
"11","Africa",2020-02-24,1,0,0,0,0,0,"Africa",1.2e+09,0,0,0,0
"12","Africa",2020-02-25,2,1,0,0,0,0,"Africa",1.2e+09,0,0,0,0
"13","Africa",2020-02-26,2,0,0,0,0,0,"Africa",1.2e+09,0,0,0,0
"14","Africa",2020-02-27,2,0,0,0,0,0,"Africa",1.2e+09,0,0,0,0
"15","Africa",2020-02-28,3,1,0,0,0,0,"Africa",1.2e+09,0,0,0,0
"16","Africa",2020-02-29,3,0,0,0,0,0,"Africa",1.2e+09,0,0,0,0
"17","Africa",2020-03-01,4,1,0,0,0,0,"Africa",1.2e+09,0,0,0,0
"18","Africa",2020-03-02,8,4,0,0,0,0,"Africa",1.2e+09,0,0,0,0
"19","Africa",2020-03-03,11,3,0,0,0,0,"Africa",1.2e+09,0,0,0,0
"20","Africa",2020-03-04,21,10,0,0,0,0,"Africa",1.2e+09,0,0,0,0
"21","Africa",2020-03-05,24,3,0,0,0,0,"Africa",1.2e+09,0,0,0,0
"22","Africa",2020-03-06,43,19,0,0,0,0,"Africa",1.2e+09,0,0,0,0
"23","Africa",2020-03-07,43,0,0,0,0,0,"Africa",1.2e+09,0,0,0,0
"24","Africa",2020-03-08,83,40,1,1,0,0,"Africa",1.2e+09,0,0,0,0
"25","Africa",2020-03-09,91,8,1,0,0,0,"Africa",1.2e+09,0,0,0,0
"26","Africa",2020-03-10,104,13,2,1,0,0,"Africa",1.2e+09,0,0,0,0
"27","Africa",2020-03-11,118,14,2,0,0,1,"Africa",1.2e+09,0,0,0,0
"28","Africa",2020-03-12,134,16,3,1,0,2,"Africa",1.2e+09,0,0,0,0
"29","Africa",2020-03-13,177,43,6,3,0,3,"Africa",1.2e+09,0,0,0,0
"30","Africa",2020-03-14,254,77,7,1,0,4,"Africa",1.2e+09,0,0,0,0
"31","Africa",2020-03-15,313,59,8,1,0,5,"Africa",1.2e+09,0,0,0,0
"32","Africa",2020-03-16,400,87,8,0,0,6,"Africa",1.2e+09,0,0,0,0
"33","Africa",2020-03-17,484,84,11,3,0,7,"Africa",1.2e+09,0,0,0,0
"34","Africa",2020-03-18,601,117,17,6,1,8,"Africa",1.2e+09,0.1,0,0,0
"35","Africa",2020-03-19,781,180,20,3,2,9,"Africa",1.2e+09,0.1,0,0,0
"36","Africa",2020-03-20,969,188,26,6,3,10,"Africa",1.2e+09,0.1,0,0,0
"37","Africa",2020-03-21,1172,203,36,10,4,11,"Africa",1.2e+09,0.1,0,0,0
"38","Africa",2020-03-22,1437,265,48,12,5,12,"Africa",1.2e+09,0.1,0,0,0
"39","Africa",2020-03-23,1818,381,57,9,6,13,"Africa",1.2e+09,0.2,0,0,0
"40","Africa",2020-03-24,2250,432,64,7,7,14,"Africa",1.2e+09,0.2,0,0,0
"41","Africa",2020-03-25,2773,523,73,9,8,15,"Africa",1.2e+09,0.2,0,0,0
"42","Africa",2020-03-26,3326,553,91,18,9,16,"Africa",1.2e+09,0.3,0,0,0
"43","Africa",2020-03-27,3885,559,115,24,10,17,"Africa",1.2e+09,0.3,0,0,0
"44","Africa",2020-03-28,4225,340,134,19,11,18,"Africa",1.2e+09,0.4,0,0,0
"45","Africa",2020-03-29,4786,561,152,18,12,19,"Africa",1.2e+09,0.4,0,0,0
"46","Africa",2020-03-30,5196,410,173,21,13,20,"Africa",1.2e+09,0.4,0,0,0
"47","Africa",2020-03-31,5781,585,200,27,14,21,"Africa",1.2e+09,0.5,0,0,0
"48","Africa",2020-04-01,6380,599,234,34,15,22,"Africa",1.2e+09,0.5,0,0,0
"49","Africa",2020-04-02,7032,652,287,53,16,23,"Africa",1.2e+09,0.6,0.1,0,0
"50","Africa",2020-04-03,7913,881,331,44,17,24,"Africa",1.2e+09,0.7,0.1,0,0
"51","Africa",2020-04-04,8592,679,383,52,18,25,"Africa",1.2e+09,0.7,0.1,0,0
"52","Africa",2020-04-05,9302,710,444,61,19,26,"Africa",1.2e+09,0.8,0.1,0,0
"53","Africa",2020-04-06,10003,701,487,43,20,27,"Africa",1.2e+09,0.8,0.1,0,0
"54","Africa",2020-04-07,10636,633,533,46,21,28,"Africa",1.2e+09,0.9,0.1,0,0
"55","Africa",2020-04-08,11440,804,574,41,22,29,"Africa",1.2e+09,1,0.1,0,0
"56","Africa",2020-04-09,12253,813,627,53,23,30,"Africa",1.2e+09,1,0.1,0.1,0
"57","Africa",2020-04-10,12917,664,693,66,24,31,"Africa",1.2e+09,1.1,0.1,0.1,0
"58","Africa",2020-04-11,13631,714,742,49,25,32,"Africa",1.2e+09,1.1,0.1,0.1,0
"59","Africa",2020-04-12,14497,866,788,46,26,33,"Africa",1.2e+09,1.2,0.1,0.1,0
"60","Africa",2020-04-13,15281,784,834,46,27,34,"Africa",1.2e+09,1.3,0.1,0.1,0
"61","Africa",2020-04-14,16244,963,873,39,28,35,"Africa",1.2e+09,1.4,0.1,0.1,0
"62","Africa",2020-04-15,17198,954,910,37,29,36,"Africa",1.2e+09,1.4,0.1,0.1,0
"63","Africa",2020-04-16,18366,1168,965,55,30,37,"Africa",1.2e+09,1.5,0.1,0.1,0
"64","Africa",2020-04-17,19773,1407,1016,51,31,38,"Africa",1.2e+09,1.6,0.1,0.1,0
"65","Africa",2020-04-18,21078,1306,1058,42,32,39,"Africa",1.2e+09,1.8,0.1,0.1,0
"66","Africa",2020-04-19,22287,1209,1121,63,33,40,"Africa",1.2e+09,1.9,0.1,0.1,0
"67","Africa",2020-04-20,23460,1173,1159,38,34,41,"Africa",1.2e+09,2,0.1,0.1,0
"68","Africa",2020-04-21,24515,1055,1189,30,35,42,"Africa",1.2e+09,2,0.1,0.1,0
"69","Africa",2020-04-22,25917,1402,1240,51,36,43,"Africa",1.2e+09,2.2,0.1,0.1,0
"70","Africa",2020-04-23,27367,1450,1297,57,37,44,"Africa",1.2e+09,2.3,0.1,0.1,0
"71","Africa",2020-04-24,29074,1707,1324,27,38,45,"Africa",1.2e+09,2.4,0.1,0.1,0
"72","Africa",2020-04-25,30305,1231,1375,51,39,46,"Africa",1.2e+09,2.5,0.1,0.1,0
"73","Africa",2020-04-26,31839,1534,1423,48,40,47,"Africa",1.2e+09,2.7,0.1,0.1,0
"74","Africa",2020-04-27,33173,1334,1462,39,41,48,"Africa",1.2e+09,2.8,0.1,0.1,0
"75","Africa",2020-04-28,34800,1627,1523,61,42,49,"Africa",1.2e+09,2.9,0.1,0.1,0
"76","Africa",2020-04-29,36813,2015,1588,65,43,50,"Africa",1.2e+09,3.1,0.2,0.1,0
"77","Africa",2020-04-30,38826,2013,1634,46,44,51,"Africa",1.2e+09,3.2,0.2,0.1,0
"78","Africa",2020-05-01,40576,1750,1692,58,45,52,"Africa",1.2e+09,3.4,0.1,0.1,0
"79","Africa",2020-05-02,42772,2202,1759,67,46,53,"Africa",1.2e+09,3.6,0.2,0.1,0
"80","Africa",2020-05-03,44307,1535,1796,37,47,54,"Africa",1.2e+09,3.7,0.1,0.1,0
"81","Africa",2020-05-04,46965,2658,1842,46,48,55,"Africa",1.2e+09,3.9,0.2,0.2,0
"82","Africa",2020-05-05,49003,2038,1908,66,49,56,"Africa",1.2e+09,4.1,0.2,0.2,0
"83","Africa",2020-05-06,51549,2546,2006,98,50,57,"Africa",1.2e+09,4.3,0.2,0.2,0
"84","Africa",2020-05-07,54039,2490,2073,67,51,58,"Africa",1.2e+09,4.5,0.2,0.2,0
"85","Africa",2020-05-08,57844,3805,2154,81,52,59,"Africa",1.2e+09,4.8,0.3,0.2,0
"86","Africa",2020-05-09,60566,2722,2221,67,53,60,"Africa",1.2e+09,5,0.2,0.2,0
"87","Africa",2020-05-10,63293,2727,2290,69,54,61,"Africa",1.2e+09,5.3,0.2,0.2,0
"88","Africa",2020-05-11,66319,3033,2344,54,55,62,"Africa",1.2e+09,5.5,0.3,0.2,0
"89","Africa",2020-05-12,69453,3134,2395,51,56,63,"Africa",1.2e+09,5.8,0.3,0.2,0
"90","Africa",2020-05-13,72391,2938,2493,98,57,64,"Africa",1.2e+09,6,0.2,0.2,0
"91","Africa",2020-05-14,75352,2961,2562,69,58,65,"Africa",1.2e+09,6.3,0.2,0.2,0
"92","Africa",2020-05-15,78280,2928,2624,62,59,66,"Africa",1.2e+09,6.5,0.2,0.2,0
"93","Africa",2020-05-16,81608,3328,2708,84,60,67,"Africa",1.2e+09,6.8,0.3,0.2,0
"94","Africa",2020-05-17,84596,2988,2759,51,61,68,"Africa",1.2e+09,7,0.2,0.2,0
"95","Africa",2020-05-18,88264,3668,2832,73,62,69,"Africa",1.2e+09,7.4,0.3,0.2,0
"96","Africa",2020-05-19,91413,3358,2907,75,63,70,"Africa",1.2e+09,7.6,0.3,0.2,0
"97","Africa",2020-05-20,95068,3655,2990,83,64,71,"Africa",1.2e+09,7.9,0.3,0.2,0
"98","Africa",2020-05-21,99760,4796,3095,105,65,72,"Africa",1.2e+09,8.3,0.4,0.3,0
"99","Africa",2020-05-22,103875,4115,3184,89,66,73,"Africa",1.2e+09,8.7,0.3,0.3,0
"100","Africa",2020-05-23,107747,3872,3257,73,67,74,"Africa",1.2e+09,9,0.3,0.3,0
"101","Africa",2020-05-24,111812,4065,3354,97,68,75,"Africa",1.2e+09,9.3,0.3,0.3,0
"102","Africa",2020-05-25,115892,4080,3479,125,69,76,"Africa",1.2e+09,9.7,0.3,0.3,0
"103","Africa",2020-05-26,119454,3562,3592,113,70,77,"Africa",1.2e+09,10,0.3,0.3,0
"104","Africa",2020-05-27,124733,5279,3700,108,71,78,"Africa",1.2e+09,10.4,0.4,0.3,0
"105","Africa",2020-05-28,129452,4719,3792,92,72,79,"Africa",1.2e+09,10.8,0.4,0.3,0
"106","Africa",2020-05-29,135375,5923,3923,131,73,80,"Africa",1.2e+09,11.3,0.5,0.3,0
"107","Africa",2020-05-30,141599,6224,4070,147,74,81,"Africa",1.2e+09,11.8,0.5,0.3,0
"108","Africa",2020-05-31,146794,5195,4223,153,75,82,"Africa",1.2e+09,12.2,0.4,0.4,0
"109","Africa",2020-06-01,152500,5706,4344,121,76,83,"Africa",1.2e+09,12.7,0.5,0.4,0
"110","Africa",2020-06-02,157375,4875,4495,151,77,84,"Africa",1.2e+09,13.1,0.4,0.4,0
"111","Africa",2020-06-03,162514,5139,4602,107,78,85,"Africa",1.2e+09,13.5,0.4,0.4,0
"112","Africa",2020-06-04,169646,7132,4757,155,79,86,"Africa",1.2e+09,14.1,0.6,0.4,0
"113","Africa",2020-06-05,176778,7132,4916,159,80,87,"Africa",1.2e+09,14.7,0.6,0.4,0
"114","Africa",2020-06-06,183437,6659,5056,140,81,88,"Africa",1.2e+09,15.3,0.6,0.4,0
"115","Africa",2020-06-07,189559,6122,5189,133,82,89,"Africa",1.2e+09,15.8,0.5,0.4,0
"116","Africa",2020-06-08,196368,6809,5364,175,83,90,"Africa",1.2e+09,16.4,0.6,0.4,0
"117","Africa",2020-06-09,202864,6496,5539,175,84,91,"Africa",1.2e+09,16.9,0.5,0.5,0
"118","Africa",2020-06-10,209380,6516,5689,150,85,92,"Africa",1.2e+09,17.4,0.5,0.5,0
"119","Africa",2020-06-11,216775,7395,5852,163,86,93,"Africa",1.2e+09,18.1,0.6,0.5,0
"120","Africa",2020-06-12,224853,8078,6051,199,87,94,"Africa",1.2e+09,18.7,0.7,0.5,0
"121","Africa",2020-06-13,232933,8080,6254,203,88,95,"Africa",1.2e+09,19.4,0.7,0.5,0
"122","Africa",2020-06-14,241785,8852,6460,206,89,96,"Africa",1.2e+09,20.1,0.7,0.5,0
"123","Africa",2020-06-15,251408,9623,6763,303,90,97,"Africa",1.2e+09,21,0.8,0.6,0
"124","Africa",2020-06-16,259111,7703,7016,253,91,98,"Africa",1.2e+09,21.6,0.6,0.6,0
"125","Africa",2020-06-17,267818,8707,7219,203,92,99,"Africa",1.2e+09,22.3,0.7,0.6,0
"126","Africa",2020-06-18,275792,7974,7420,201,93,100,"Africa",1.2e+09,23,0.7,0.6,0
"127","Africa",2020-06-19,285914,10122,7683,263,94,101,"Africa",1.2e+09,23.8,0.8,0.6,0
"128","Africa",2020-06-20,297112,11198,7919,236,95,102,"Africa",1.2e+09,24.8,0.9,0.7,0
"129","Africa",2020-06-21,306390,9278,8116,197,96,103,"Africa",1.2e+09,25.5,0.8,0.7,0
"130","Africa",2020-06-22,315380,8990,8339,223,97,104,"Africa",1.2e+09,26.3,0.7,0.7,0
"131","Africa",2020-06-23,324524,9144,8621,282,98,105,"Africa",1.2e+09,27,0.8,0.7,0
"132","Africa",2020-06-24,335791,11267,8856,235,99,106,"Africa",1.2e+09,28,0.9,0.7,0
"133","Africa",2020-06-25,347836,12045,9070,214,100,107,"Africa",1.2e+09,29,1,0.8,0
"134","Africa",2020-06-26,359591,11755,9283,213,101,108,"Africa",1.2e+09,30,1,0.8,0
"135","Africa",2020-06-27,371600,12009,9485,202,102,109,"Africa",1.2e+09,31,1,0.8,0
"136","Africa",2020-06-28,382190,10590,9664,179,103,110,"Africa",1.2e+09,31.8,0.9,0.8,0
"137","Africa",2020-06-29,393232,11042,9880,216,104,111,"Africa",1.2e+09,32.8,0.9,0.8,0
"138","Africa",2020-06-30,404796,11564,10147,267,105,112,"Africa",1.2e+09,33.7,1,0.8,0
"139","Africa",2020-07-01,418211,13415,10406,259,106,113,"Africa",1.2e+09,34.9,1.1,0.9,0
"140","Africa",2020-07-02,432331,14120,10644,238,107,114,"Africa",1.2e+09,36,1.2,0.9,0
"141","Africa",2020-07-03,447464,15133,10883,239,108,115,"Africa",1.2e+09,37.3,1.3,0.9,0
"142","Africa",2020-07-04,463075,15611,11084,201,109,116,"Africa",1.2e+09,38.6,1.3,0.9,0
"143","Africa",2020-07-05,476637,13562,11364,280,110,117,"Africa",1.2e+09,39.7,1.1,0.9,0
"144","Africa",2020-07-06,490481,13844,11613,249,111,118,"Africa",1.2e+09,40.9,1.2,1,0
"145","Africa",2020-07-07,507931,17450,11978,365,112,119,"Africa",1.2e+09,42.3,1.5,1,0
"146","Africa",2020-07-08,522641,14710,12233,255,113,120,"Africa",1.2e+09,43.6,1.2,1,0
"147","Africa",2020-07-09,541840,19199,12459,226,114,121,"Africa",1.2e+09,45.2,1.6,1,0
"148","Africa",2020-07-10,559446,17606,12769,310,115,122,"Africa",1.2e+09,46.6,1.5,1.1,0
"149","Africa",2020-07-11,578307,18861,12989,220,116,123,"Africa",1.2e+09,48.2,1.6,1.1,0
"150","Africa",2020-07-12,594955,16648,13246,257,117,124,"Africa",1.2e+09,49.6,1.4,1.1,0
"151","Africa",2020-07-13,611092,16137,13464,218,118,125,"Africa",1.2e+09,50.9,1.3,1.1,0
"152","Africa",2020-07-14,625562,14470,13763,299,119,126,"Africa",1.2e+09,52.1,1.2,1.1,0
"153","Africa",2020-07-15,643622,18060,13989,226,120,127,"Africa",1.2e+09,53.6,1.5,1.2,0
"154","Africa",2020-07-16,663953,20331,14359,370,121,128,"Africa",1.2e+09,55.3,1.7,1.2,0
"155","Africa",2020-07-17,683493,19540,14674,315,122,129,"Africa",1.2e+09,57,1.6,1.2,0
"156","Africa",2020-07-18,702663,19170,14956,282,123,130,"Africa",1.2e+09,58.6,1.6,1.2,0
"157","Africa",2020-07-19,721292,18629,15170,214,124,131,"Africa",1.2e+09,60.1,1.6,1.3,0
"158","Africa",2020-07-20,736587,15295,15424,254,125,132,"Africa",1.2e+09,61.4,1.3,1.3,0
"159","Africa",2020-07-21,750451,13864,15738,314,126,133,"Africa",1.2e+09,62.5,1.2,1.3,0
"160","Africa",2020-07-22,770175,19724,16446,708,127,134,"Africa",1.2e+09,64.2,1.6,1.4,0.1
"161","Africa",2020-07-23,788532,18357,16715,269,128,135,"Africa",1.2e+09,65.7,1.5,1.4,0
"162","Africa",2020-07-24,810643,22111,17105,390,129,136,"Africa",1.2e+09,67.6,1.8,1.4,0
"163","Africa",2020-07-25,828877,18234,17522,417,130,137,"Africa",1.2e+09,69.1,1.5,1.5,0
"164","Africa",2020-07-26,847109,18232,17767,245,131,138,"Africa",1.2e+09,70.6,1.5,1.5,0
"165","Africa",2020-07-27,860537,13432,18176,409,132,139,"Africa",1.2e+09,71.7,1.1,1.5,0
"166","Africa",2020-07-28,874036,13499,18498,322,133,140,"Africa",1.2e+09,72.8,1.1,1.5,0
"167","Africa",2020-07-29,891595,17559,18865,367,134,141,"Africa",1.2e+09,74.3,1.5,1.6,0
"168","Asia",2020-01-22,554,554,17,17,0,0,"Asia",4.5e+09,0,0,0,0
"169","Asia",2020-01-23,653,99,18,1,1,1,"Asia",4.5e+09,0,0,0,0
"170","Asia",2020-01-24,937,284,26,8,2,2,"Asia",4.5e+09,0,0,0,0
"171","Asia",2020-01-25,1429,492,42,16,3,3,"Asia",4.5e+09,0,0,0,0
"172","Asia",2020-01-26,2105,676,56,14,4,4,"Asia",4.5e+09,0,0,0,0
"173","Asia",2020-01-27,2912,807,82,26,5,5,"Asia",4.5e+09,0.1,0,0,0
"174","Asia",2020-01-28,5558,2646,131,49,6,6,"Asia",4.5e+09,0.1,0.1,0,0
"175","Asia",2020-01-29,6143,585,133,2,7,7,"Asia",4.5e+09,0.1,0,0,0
"176","Asia",2020-01-30,8208,2065,171,38,8,8,"Asia",4.5e+09,0.2,0,0,0
"177","Asia",2020-01-31,9889,1681,213,42,9,9,"Asia",4.5e+09,0.2,0,0,0
"178","Asia",2020-02-01,11991,2102,259,46,10,10,"Asia",4.5e+09,0.3,0,0,0
"179","Asia",2020-02-02,16738,4747,362,103,11,11,"Asia",4.5e+09,0.4,0.1,0,0
"180","Asia",2020-02-03,19827,3089,426,64,12,12,"Asia",4.5e+09,0.4,0.1,0,0
"181","Asia",2020-02-04,23836,4009,492,66,13,13,"Asia",4.5e+09,0.5,0.1,0,0
"182","Asia",2020-02-05,27579,3743,564,72,14,14,"Asia",4.5e+09,0.6,0.1,0,0
"183","Asia",2020-02-06,30737,3158,634,70,15,15,"Asia",4.5e+09,0.7,0.1,0,0
"184","Asia",2020-02-07,34264,3527,719,85,16,16,"Asia",4.5e+09,0.8,0.1,0,0
"185","Asia",2020-02-08,36989,2725,806,87,17,17,"Asia",4.5e+09,0.8,0.1,0,0
"186","Asia",2020-02-09,40013,3024,906,100,18,18,"Asia",4.5e+09,0.9,0.1,0,0
"187","Asia",2020-02-10,42551,2538,1013,107,19,19,"Asia",4.5e+09,0.9,0.1,0,0
"188","Asia",2020-02-11,44589,2038,1113,100,20,20,"Asia",4.5e+09,1,0,0,0
"189","Asia",2020-02-12,44966,377,1118,5,21,21,"Asia",4.5e+09,1,0,0,0
"190","Asia",2020-02-13,60117,15151,1371,253,22,22,"Asia",4.5e+09,1.3,0.3,0,0
"191","Asia",2020-02-14,66599,6482,1523,152,23,23,"Asia",4.5e+09,1.5,0.1,0,0
"192","Asia",2020-02-15,68673,2074,1665,142,24,24,"Asia",4.5e+09,1.5,0,0,0
"193","Asia",2020-02-16,70787,2114,1769,104,25,25,"Asia",4.5e+09,1.6,0,0,0
"194","Asia",2020-02-17,72721,1934,1867,98,26,26,"Asia",4.5e+09,1.6,0,0,0
"195","Asia",2020-02-18,74515,1794,2007,140,27,27,"Asia",4.5e+09,1.7,0,0,0
"196","Asia",2020-02-19,74935,420,2122,115,28,28,"Asia",4.5e+09,1.7,0,0,0
"197","Asia",2020-02-20,75480,545,2245,123,29,29,"Asia",4.5e+09,1.7,0,0,0
"198","Asia",2020-02-21,76088,608,2248,3,30,30,"Asia",4.5e+09,1.7,0,0,0
"199","Asia",2020-02-22,77807,1719,2454,206,31,31,"Asia",4.5e+09,1.7,0,0.1,0
"200","Asia",2020-02-23,78030,223,2463,9,32,32,"Asia",4.5e+09,1.7,0,0.1,0
"201","Asia",2020-02-24,78517,487,2619,156,33,33,"Asia",4.5e+09,1.7,0,0.1,0
"202","Asia",2020-02-25,79260,743,2696,77,34,34,"Asia",4.5e+09,1.8,0,0.1,0
"203","Asia",2020-02-26,80059,799,2753,57,35,35,"Asia",4.5e+09,1.8,0,0.1,0
"204","Asia",2020-02-27,81151,1092,2791,38,36,36,"Asia",4.5e+09,1.8,0,0.1,0
"205","Asia",2020-02-28,82228,1077,2844,53,37,37,"Asia",4.5e+09,1.8,0,0.1,0
"206","Asia",2020-02-29,83721,1493,2904,60,38,38,"Asia",4.5e+09,1.9,0,0.1,0
"207","Asia",2020-03-01,85320,1599,2952,48,39,39,"Asia",4.5e+09,1.9,0,0.1,0
"208","Asia",2020-03-02,86698,1378,3017,65,40,40,"Asia",4.5e+09,1.9,0,0.1,0
"209","Asia",2020-03-03,88564,1866,3061,44,41,41,"Asia",4.5e+09,2,0,0.1,0
"210","Asia",2020-03-04,89795,1231,3122,61,42,42,"Asia",4.5e+09,2,0,0.1,0
"211","Asia",2020-03-05,91080,1285,3169,47,43,43,"Asia",4.5e+09,2,0,0.1,0
"212","Asia",2020-03-06,93117,2037,3223,54,44,44,"Asia",4.5e+09,2.1,0,0.1,0
"213","Asia",2020-03-07,94869,1752,3275,52,45,45,"Asia",4.5e+09,2.1,0,0.1,0
"214","Asia",2020-03-08,96082,1213,3361,86,46,46,"Asia",4.5e+09,2.1,0,0.1,0
"215","Asia",2020-03-09,96984,902,3432,71,47,47,"Asia",4.5e+09,2.2,0,0.1,0
"216","Asia",2020-03-10,98159,1175,3508,76,48,48,"Asia",4.5e+09,2.2,0,0.1,0
"217","Asia",2020-03-11,99911,1752,3605,97,49,49,"Asia",4.5e+09,2.2,0,0.1,0
"218","Asia",2020-03-12,101269,1358,3703,98,50,50,"Asia",4.5e+09,2.3,0,0.1,0
"219","Asia",2020-03-13,103084,1815,3807,104,51,51,"Asia",4.5e+09,2.3,0,0.1,0
"220","Asia",2020-03-14,104997,1913,3929,122,52,52,"Asia",4.5e+09,2.3,0,0.1,0
"221","Asia",2020-03-15,106963,1966,4060,131,53,53,"Asia",4.5e+09,2.4,0,0.1,0
"222","Asia",2020-03-16,108620,1657,4211,151,54,54,"Asia",4.5e+09,2.4,0,0.1,0
"223","Asia",2020-03-17,110601,1981,4370,159,55,55,"Asia",4.5e+09,2.5,0,0.1,0
"224","Asia",2020-03-18,112712,2111,4558,188,56,56,"Asia",4.5e+09,2.5,0,0.1,0
"225","Asia",2020-03-19,114959,2247,4733,177,57,57,"Asia",4.5e+09,2.6,0,0.1,0
"226","Asia",2020-03-20,117520,2561,4911,178,58,58,"Asia",4.5e+09,2.6,0.1,0.1,0
"227","Asia",2020-03-21,120044,2524,5065,158,59,59,"Asia",4.5e+09,2.7,0.1,0.1,0
"228","Asia",2020-03-22,123223,3179,5274,209,60,60,"Asia",4.5e+09,2.7,0.1,0.1,0
"229","Asia",2020-03-23,126311,3088,5430,156,61,61,"Asia",4.5e+09,2.8,0.1,0.1,0
"230","Asia",2020-03-24,130027,3716,5599,169,62,62,"Asia",4.5e+09,2.9,0.1,0.1,0
"231","Asia",2020-03-25,135430,5403,5794,195,63,63,"Asia",4.5e+09,3,0.1,0.1,0
"232","Asia",2020-03-26,140962,5532,6037,243,64,64,"Asia",4.5e+09,3.1,0.1,0.1,0
"233","Asia",2020-03-27,147987,7025,6252,215,65,65,"Asia",4.5e+09,3.3,0.2,0.1,0
"234","Asia",2020-03-28,155275,7288,6463,211,66,66,"Asia",4.5e+09,3.5,0.2,0.1,0
"235","Asia",2020-03-29,162610,7335,6679,216,67,67,"Asia",4.5e+09,3.6,0.2,0.1,0
"236","Asia",2020-03-30,169790,7180,6889,210,68,68,"Asia",4.5e+09,3.8,0.2,0.2,0
"237","Asia",2020-03-31,178673,8883,7135,246,69,69,"Asia",4.5e+09,4,0.2,0.2,0
"238","Asia",2020-04-01,187338,8665,7436,301,70,70,"Asia",4.5e+09,4.2,0.2,0.2,0
"239","Asia",2020-04-02,196517,9179,7731,295,71,71,"Asia",4.5e+09,4.4,0.2,0.2,0
"240","Asia",2020-04-03,205204,8687,8012,281,72,72,"Asia",4.5e+09,4.6,0.2,0.2,0
"241","Asia",2020-04-04,214175,8971,8320,309,73,73,"Asia",4.5e+09,4.8,0.2,0.2,0
"242","Asia",2020-04-05,224100,9925,8622,302,74,74,"Asia",4.5e+09,5,0.2,0.2,0
"243","Asia",2020-04-06,234106,10006,8937,315,75,75,"Asia",4.5e+09,5.2,0.2,0.2,0
"244","Asia",2020-04-07,243640,9534,9227,290,76,76,"Asia",4.5e+09,5.4,0.2,0.2,0
"245","Asia",2020-04-08,253363,9723,9534,307,77,77,"Asia",4.5e+09,5.6,0.2,0.2,0
"246","Asia",2020-04-09,263805,10442,9900,366,78,78,"Asia",4.5e+09,5.9,0.2,0.2,0
"247","Asia",2020-04-10,275004,11199,10257,357,79,79,"Asia",4.5e+09,6.1,0.2,0.2,0
"248","Asia",2020-04-11,287005,12001,10622,365,80,80,"Asia",4.5e+09,6.4,0.3,0.2,0
"249","Asia",2020-04-12,298485,11480,11017,395,81,81,"Asia",4.5e+09,6.6,0.3,0.2,0
"250","Asia",2020-04-13,310037,11552,11355,338,82,82,"Asia",4.5e+09,6.9,0.3,0.3,0
"251","Asia",2020-04-14,321569,11532,11751,396,83,83,"Asia",4.5e+09,7.1,0.3,0.3,0
"252","Asia",2020-04-15,333094,11525,12064,313,84,84,"Asia",4.5e+09,7.4,0.3,0.3,0
"253","Asia",2020-04-16,345427,12333,12435,371,85,85,"Asia",4.5e+09,7.7,0.3,0.3,0
"254","Asia",2020-04-17,358123,12696,14089,1654,86,86,"Asia",4.5e+09,8,0.3,0.3,0
"255","Asia",2020-04-18,370236,12113,14428,339,87,87,"Asia",4.5e+09,8.2,0.3,0.3,0
"256","Asia",2020-04-19,382456,12220,14800,372,88,88,"Asia",4.5e+09,8.5,0.3,0.3,0
"257","Asia",2020-04-20,396372,13916,15156,356,89,89,"Asia",4.5e+09,8.8,0.3,0.3,0
"258","Asia",2020-04-21,409997,13625,15528,372,90,90,"Asia",4.5e+09,9.1,0.3,0.3,0
"259","Asia",2020-04-22,422524,12527,15888,360,91,91,"Asia",4.5e+09,9.4,0.3,0.4,0
"260","Asia",2020-04-23,435378,12854,16238,350,92,92,"Asia",4.5e+09,9.7,0.3,0.4,0
"261","Asia",2020-04-24,448432,13054,16619,381,93,93,"Asia",4.5e+09,10,0.3,0.4,0
"262","Asia",2020-04-25,460444,12012,16970,351,94,94,"Asia",4.5e+09,10.2,0.3,0.4,0
"263","Asia",2020-04-26,472013,11569,17265,295,95,95,"Asia",4.5e+09,10.5,0.3,0.4,0
"264","Asia",2020-04-27,483082,11069,17626,361,96,96,"Asia",4.5e+09,10.7,0.2,0.4,0
"265","Asia",2020-04-28,495004,11922,17970,344,97,97,"Asia",4.5e+09,11,0.3,0.4,0
"266","Asia",2020-04-29,507965,12961,18346,376,98,98,"Asia",4.5e+09,11.3,0.3,0.4,0
"267","Asia",2020-04-30,521058,13093,18703,357,99,99,"Asia",4.5e+09,11.6,0.3,0.4,0
"268","Asia",2020-05-01,534254,13196,19026,323,100,100,"Asia",4.5e+09,11.9,0.3,0.4,0
"269","Asia",2020-05-02,546313,12059,19406,380,101,101,"Asia",4.5e+09,12.1,0.3,0.4,0
"270","Asia",2020-05-03,558985,12672,19696,290,102,102,"Asia",4.5e+09,12.4,0.3,0.4,0
"271","Asia",2020-05-04,573227,14242,20149,453,103,103,"Asia",4.5e+09,12.7,0.3,0.4,0
"272","Asia",2020-05-05,588442,15215,20523,374,104,104,"Asia",4.5e+09,13.1,0.3,0.5,0
"273","Asia",2020-05-06,603819,15377,20882,359,105,105,"Asia",4.5e+09,13.4,0.3,0.5,0
"274","Asia",2020-05-07,619495,15676,21244,362,106,106,"Asia",4.5e+09,13.8,0.3,0.5,0
"275","Asia",2020-05-08,636324,16829,21567,323,107,107,"Asia",4.5e+09,14.1,0.4,0.5,0
"276","Asia",2020-05-09,651730,15406,21906,339,108,108,"Asia",4.5e+09,14.5,0.3,0.5,0
"277","Asia",2020-05-10,669687,17957,22262,356,109,109,"Asia",4.5e+09,14.9,0.4,0.5,0
"278","Asia",2020-05-11,686248,16561,22568,306,110,110,"Asia",4.5e+09,15.2,0.4,0.5,0
"279","Asia",2020-05-12,703265,17017,22923,355,111,111,"Asia",4.5e+09,15.6,0.4,0.5,0
"280","Asia",2020-05-13,720481,17216,23300,377,112,112,"Asia",4.5e+09,16,0.4,0.5,0
"281","Asia",2020-05-14,741105,20625,23684,384,113,113,"Asia",4.5e+09,16.5,0.5,0.5,0
"282","Asia",2020-05-15,758567,17462,24026,342,114,114,"Asia",4.5e+09,16.9,0.4,0.5,0
"283","Asia",2020-05-16,778515,19948,24378,352,115,115,"Asia",4.5e+09,17.3,0.4,0.5,0
"284","Asia",2020-05-17,799328,20813,24791,413,116,116,"Asia",4.5e+09,17.8,0.5,0.6,0
"285","Asia",2020-05-18,820148,20820,25177,386,117,117,"Asia",4.5e+09,18.2,0.5,0.6,0
"286","Asia",2020-05-19,842094,21946,25566,389,118,118,"Asia",4.5e+09,18.7,0.5,0.6,0
"287","Asia",2020-05-20,864674,22580,25916,350,119,119,"Asia",4.5e+09,19.2,0.5,0.6,0
"288","Asia",2020-05-21,888888,24214,26326,410,120,120,"Asia",4.5e+09,19.8,0.5,0.6,0
"289","Asia",2020-05-22,913068,24180,26733,407,121,121,"Asia",4.5e+09,20.3,0.5,0.6,0
"290","Asia",2020-05-23,937472,24404,27120,387,122,122,"Asia",4.5e+09,20.8,0.5,0.6,0
"291","Asia",2020-05-24,961367,23895,27505,385,123,123,"Asia",4.5e+09,21.4,0.5,0.6,0
"292","Asia",2020-05-25,983182,21815,27843,338,124,124,"Asia",4.5e+09,21.8,0.5,0.6,0
"293","Asia",2020-05-26,1003344,20162,28243,400,125,125,"Asia",4.5e+09,22.3,0.4,0.6,0
"294","Asia",2020-05-27,1027249,23905,28711,468,126,126,"Asia",4.5e+09,22.8,0.5,0.6,0
"295","Asia",2020-05-28,1053098,25849,29174,463,127,127,"Asia",4.5e+09,23.4,0.6,0.6,0
"296","Asia",2020-05-29,1081918,28820,29739,565,128,128,"Asia",4.5e+09,24,0.6,0.7,0
"297","Asia",2020-05-30,1109563,27645,30287,548,129,129,"Asia",4.5e+09,24.7,0.6,0.7,0
"298","Asia",2020-05-31,1138767,29204,30828,541,130,130,"Asia",4.5e+09,25.3,0.6,0.7,0
"299","Asia",2020-06-01,1166729,27962,31339,511,131,131,"Asia",4.5e+09,25.9,0.6,0.7,0
"300","Asia",2020-06-02,1197297,30568,31890,551,132,132,"Asia",4.5e+09,26.6,0.7,0.7,0
"301","Asia",2020-06-03,1230678,33382,32535,645,133,133,"Asia",4.5e+09,27.3,0.7,0.7,0
"302","Asia",2020-06-04,1262965,32287,33117,582,134,134,"Asia",4.5e+09,28.1,0.7,0.7,0
"303","Asia",2020-06-05,1295844,32879,33764,647,135,135,"Asia",4.5e+09,28.8,0.7,0.8,0
"304","Asia",2020-06-06,1330388,34544,34417,654,136,136,"Asia",4.5e+09,29.6,0.8,0.8,0
"305","Asia",2020-06-07,1364945,34557,35076,659,137,137,"Asia",4.5e+09,30.3,0.8,0.8,0
"306","Asia",2020-06-08,1396084,31139,35731,655,138,138,"Asia",4.5e+09,31,0.7,0.8,0
"307","Asia",2020-06-09,1430002,33918,36399,668,139,139,"Asia",4.5e+09,31.8,0.8,0.8,0
"308","Asia",2020-06-10,1466456,36454,37162,763,140,140,"Asia",4.5e+09,32.6,0.8,0.8,0
"309","Asia",2020-06-11,1504321,37865,37989,827,141,141,"Asia",4.5e+09,33.4,0.8,0.8,0
"310","Asia",2020-06-12,1537051,32730,38715,726,142,142,"Asia",4.5e+09,34.2,0.7,0.9,0
"311","Asia",2020-06-13,1575995,38944,39457,742,143,143,"Asia",4.5e+09,35,0.9,0.9,0
"312","Asia",2020-06-14,1620892,44897,40329,872,144,144,"Asia",4.5e+09,36,1,0.9,0
"313","Asia",2020-06-15,1658136,37244,41241,912,145,145,"Asia",4.5e+09,36.8,0.8,0.9,0
"314","Asia",2020-06-16,1696630,38494,43769,2528,146,146,"Asia",4.5e+09,37.7,0.9,1,0.1
"315","Asia",2020-06-17,1737670,41040,44639,870,147,147,"Asia",4.5e+09,38.6,0.9,1,0
"316","Asia",2020-06-18,1778729,41059,45541,902,148,148,"Asia",4.5e+09,39.5,0.9,1,0
"317","Asia",2020-06-19,1821582,42853,46491,950,149,149,"Asia",4.5e+09,40.5,1,1,0
"318","Asia",2020-06-20,1863627,42045,47371,880,150,150,"Asia",4.5e+09,41.4,0.9,1.1,0
"319","Asia",2020-06-21,1903350,39723,48327,956,151,151,"Asia",4.5e+09,42.3,0.9,1.1,0
"320","Asia",2020-06-22,1943871,40521,49133,806,152,152,"Asia",4.5e+09,43.2,0.9,1.1,0
"321","Asia",2020-06-23,1986225,42354,50091,958,153,153,"Asia",4.5e+09,44.1,0.9,1.1,0
"322","Asia",2020-06-24,2030087,43862,51103,1012,154,154,"Asia",4.5e+09,45.1,1,1.1,0
"323","Asia",2020-06-25,2074267,44180,52055,952,155,155,"Asia",4.5e+09,46.1,1,1.2,0
"324","Asia",2020-06-26,2120561,46294,52994,939,156,156,"Asia",4.5e+09,47.1,1,1.2,0
"325","Asia",2020-06-27,2167044,46483,53928,934,157,157,"Asia",4.5e+09,48.2,1,1.2,0
"326","Asia",2020-06-28,2213963,46919,54808,880,158,158,"Asia",4.5e+09,49.2,1,1.2,0
"327","Asia",2020-06-29,2258350,44387,55844,1036,159,159,"Asia",4.5e+09,50.2,1,1.2,0
"328","Asia",2020-06-30,2305020,46670,56970,1126,160,160,"Asia",4.5e+09,51.2,1,1.3,0
"329","Asia",2020-07-01,2371844,66824,57985,1015,161,161,"Asia",4.5e+09,52.7,1.5,1.3,0
"330","Asia",2020-07-02,2422066,50222,58948,963,162,162,"Asia",4.5e+09,53.8,1.1,1.3,0
"331","Asia",2020-07-03,2472813,50747,59872,924,163,163,"Asia",4.5e+09,55,1.1,1.3,0
"332","Asia",2020-07-04,2526881,54068,61031,1159,164,164,"Asia",4.5e+09,56.2,1.2,1.4,0
"333","Asia",2020-07-05,2582970,56089,62188,1157,165,165,"Asia",4.5e+09,57.4,1.2,1.4,0
"334","Asia",2020-07-06,2632803,49833,63345,1157,166,166,"Asia",4.5e+09,58.5,1.1,1.4,0
"335","Asia",2020-07-07,2683001,50198,64507,1162,167,167,"Asia",4.5e+09,59.6,1.1,1.4,0
"336","Asia",2020-07-08,2736885,53884,65551,1044,168,168,"Asia",4.5e+09,60.8,1.2,1.5,0
"337","Asia",2020-07-09,2794506,57621,66675,1124,169,169,"Asia",4.5e+09,62.1,1.3,1.5,0
"338","Asia",2020-07-10,2850688,56182,67755,1080,170,170,"Asia",4.5e+09,63.3,1.2,1.5,0
"339","Asia",2020-07-11,2906123,55435,68893,1138,171,171,"Asia",4.5e+09,64.6,1.2,1.5,0
"340","Asia",2020-07-12,2960923,54800,70339,1446,172,172,"Asia",4.5e+09,65.8,1.2,1.6,0
"341","Asia",2020-07-13,3017556,56633,71491,1152,173,173,"Asia",4.5e+09,67.1,1.3,1.6,0
"342","Asia",2020-07-14,3072714,55158,72661,1170,174,174,"Asia",4.5e+09,68.3,1.2,1.6,0
"343","Asia",2020-07-15,3133479,60765,73900,1239,175,175,"Asia",4.5e+09,69.6,1.4,1.6,0
"344","Asia",2020-07-16,3193972,60493,75177,1277,176,176,"Asia",4.5e+09,71,1.3,1.7,0
"345","Asia",2020-07-17,3257854,63882,76526,1349,177,177,"Asia",4.5e+09,72.4,1.4,1.7,0
"346","Asia",2020-07-18,3332608,74754,78446,1920,178,178,"Asia",4.5e+09,74.1,1.7,1.7,0
"347","Asia",2020-07-19,3400971,68363,79939,1493,179,179,"Asia",4.5e+09,75.6,1.5,1.8,0
"348","Asia",2020-07-20,3462159,61188,81338,1399,180,180,"Asia",4.5e+09,76.9,1.4,1.8,0
"349","Asia",2020-07-21,3527744,65695,82628,1290,181,181,"Asia",4.5e+09,78.4,1.5,1.8,0
"350","Asia",2020-07-22,3599366,71622,84453,1825,182,182,"Asia",4.5e+09,80,1.6,1.9,0
"351","Asia",2020-07-23,3679114,79748,85976,1523,183,183,"Asia",4.5e+09,81.8,1.8,1.9,0
"352","Asia",2020-07-24,3753791,74677,87313,1337,184,184,"Asia",4.5e+09,83.4,1.7,1.9,0
"353","Asia",2020-07-25,3828230,74439,88595,1282,185,185,"Asia",4.5e+09,85.1,1.7,2,0
"354","Asia",2020-07-26,3901335,73105,89912,1317,186,186,"Asia",4.5e+09,86.7,1.6,2,0
"355","Asia",2020-07-27,3970555,69220,91116,1204,187,187,"Asia",4.5e+09,88.2,1.5,2,0
"356","Asia",2020-07-28,4048703,78148,92674,1558,188,188,"Asia",4.5e+09,90,1.7,2.1,0
"357","Asia",2020-07-29,4126668,77965,93957,1283,189,189,"Asia",4.5e+09,91.7,1.7,2.1,0
"358","Europe",2020-01-24,2,2,0,0,0,0,"Europe",7.4e+08,0,0,0,0
"359","Europe",2020-01-25,3,1,0,0,0,0,"Europe",7.4e+08,0,0,0,0
"360","Europe",2020-01-26,3,0,0,0,0,0,"Europe",7.4e+08,0,0,0,0
"361","Europe",2020-01-27,4,1,0,0,0,0,"Europe",7.4e+08,0,0,0,0
"362","Europe",2020-01-28,8,4,0,0,0,0,"Europe",7.4e+08,0,0,0,0
"363","Europe",2020-01-29,10,2,0,0,0,0,"Europe",7.4e+08,0,0,0,0
"364","Europe",2020-01-30,10,0,0,0,0,0,"Europe",7.4e+08,0,0,0,0
"365","Europe",2020-01-31,18,8,0,0,0,0,"Europe",7.4e+08,0,0,0,0
"366","Europe",2020-02-01,23,5,0,0,0,0,"Europe",7.4e+08,0,0,0,0
"367","Europe",2020-02-02,25,2,0,0,0,0,"Europe",7.4e+08,0,0,0,0
"368","Europe",2020-02-03,33,8,0,0,0,0,"Europe",7.4e+08,0,0,0,0
"369","Europe",2020-02-04,34,1,0,0,0,0,"Europe",7.4e+08,0,0,0,0
"370","Europe",2020-02-05,35,1,0,0,0,0,"Europe",7.4e+08,0,0,0,0
"371","Europe",2020-02-06,35,0,0,0,0,0,"Europe",7.4e+08,0,0,0,0
"372","Europe",2020-02-07,37,2,0,0,0,0,"Europe",7.4e+08,0,0,0,0
"373","Europe",2020-02-08,46,9,0,0,0,0,"Europe",7.4e+08,0,0,0,0
"374","Europe",2020-02-09,49,3,0,0,0,0,"Europe",7.4e+08,0,0,0,0
"375","Europe",2020-02-10,49,0,0,0,0,0,"Europe",7.4e+08,0,0,0,0
"376","Europe",2020-02-11,52,3,0,0,0,0,"Europe",7.4e+08,0,0,0,0
"377","Europe",2020-02-12,53,1,0,0,0,0,"Europe",7.4e+08,0,0,0,0
"378","Europe",2020-02-13,54,1,0,0,0,0,"Europe",7.4e+08,0,0,0,0
"379","Europe",2020-02-14,55,1,0,0,0,0,"Europe",7.4e+08,0,0,0,0
"380","Europe",2020-02-15,56,1,1,1,0,0,"Europe",7.4e+08,0,0,0,0
"381","Europe",2020-02-16,56,0,1,0,0,0,"Europe",7.4e+08,0,0,0,0
"382","Europe",2020-02-17,57,1,1,0,0,0,"Europe",7.4e+08,0,0,0,0
"383","Europe",2020-02-18,57,0,1,0,0,0,"Europe",7.4e+08,0,0,0,0
"384","Europe",2020-02-19,58,1,1,0,0,0,"Europe",7.4e+08,0,0,0,0
"385","Europe",2020-02-20,60,2,1,0,0,0,"Europe",7.4e+08,0,0,0,0
"386","Europe",2020-02-21,78,18,2,1,0,0,"Europe",7.4e+08,0,0,0,0
"387","Europe",2020-02-22,120,42,3,1,0,0,"Europe",7.4e+08,0,0,0,0
"388","Europe",2020-02-23,218,98,4,1,0,1,"Europe",7.4e+08,0,0,0,0
"389","Europe",2020-02-24,294,76,8,4,0,2,"Europe",7.4e+08,0,0,0,0
"390","Europe",2020-02-25,402,108,11,3,0,3,"Europe",7.4e+08,0.1,0,0,0
"391","Europe",2020-02-26,565,163,14,3,1,4,"Europe",7.4e+08,0.1,0,0,0
"392","Europe",2020-02-27,834,269,19,5,2,5,"Europe",7.4e+08,0.1,0,0,0
"393","Europe",2020-02-28,1130,296,23,4,3,6,"Europe",7.4e+08,0.2,0,0,0
"394","Europe",2020-02-29,1504,374,31,8,4,7,"Europe",7.4e+08,0.2,0.1,0,0
"395","Europe",2020-03-01,2261,757,36,5,5,8,"Europe",7.4e+08,0.3,0.1,0,0
"396","Europe",2020-03-02,2824,563,55,19,6,9,"Europe",7.4e+08,0.4,0.1,0,0
"397","Europe",2020-03-03,3497,673,85,30,7,10,"Europe",7.4e+08,0.5,0.1,0,0
"398","Europe",2020-03-04,4501,1004,114,29,8,11,"Europe",7.4e+08,0.6,0.1,0,0
"399","Europe",2020-03-05,5921,1420,159,45,9,12,"Europe",7.4e+08,0.8,0.2,0,0
"400","Europe",2020-03-06,7727,1806,215,56,10,13,"Europe",7.4e+08,1,0.2,0,0
"401","Europe",2020-03-07,9883,2156,259,44,11,14,"Europe",7.4e+08,1.3,0.3,0,0
"402","Europe",2020-03-08,12414,2531,410,151,12,15,"Europe",7.4e+08,1.7,0.3,0.1,0
"403","Europe",2020-03-09,15297,2883,521,111,13,16,"Europe",7.4e+08,2.1,0.4,0.1,0
"404","Europe",2020-03-10,18900,3603,717,196,14,17,"Europe",7.4e+08,2.6,0.5,0.1,0
"405","Europe",2020-03-11,24301,5401,958,241,15,18,"Europe",7.4e+08,3.3,0.7,0.1,0
"406","Europe",2020-03-12,28177,3876,1153,195,16,19,"Europe",7.4e+08,3.8,0.5,0.2,0
"407","Europe",2020-03-13,39789,11612,1533,380,17,20,"Europe",7.4e+08,5.4,1.6,0.2,0.1
"408","Europe",2020-03-14,48022,8233,1819,286,18,21,"Europe",7.4e+08,6.5,1.1,0.2,0
"409","Europe",2020-03-15,56856,8834,2316,497,19,22,"Europe",7.4e+08,7.7,1.2,0.3,0.1
"410","Europe",2020-03-16,67852,10996,2814,503,20,23,"Europe",7.4e+08,9.2,1.5,0.4,0.1
"411","Europe",2020-03-17,79368,11516,3417,603,21,24,"Europe",7.4e+08,10.7,1.6,0.5,0.1
"412","Europe",2020-03-18,93352,13984,4056,639,22,25,"Europe",7.4e+08,12.6,1.9,0.5,0.1
"413","Europe",2020-03-19,112746,19394,4897,841,23,26,"Europe",7.4e+08,15.2,2.6,0.7,0.1
"414","Europe",2020-03-20,133231,20485,6079,1183,24,27,"Europe",7.4e+08,18,2.8,0.8,0.2
"415","Europe",2020-03-21,154894,21663,7508,1429,25,28,"Europe",7.4e+08,20.9,2.9,1,0.2
"416","Europe",2020-03-22,174760,19866,8814,1307,26,29,"Europe",7.4e+08,23.6,2.7,1.2,0.2
"417","Europe",2020-03-23,201631,26871,10361,1547,27,30,"Europe",7.4e+08,27.2,3.6,1.4,0.2
"418","Europe",2020-03-24,226288,24657,12184,1823,28,31,"Europe",7.4e+08,30.6,3.3,1.6,0.2
"419","Europe",2020-03-25,257272,30984,14412,2228,29,32,"Europe",7.4e+08,34.8,4.2,1.9,0.3
"420","Europe",2020-03-26,293215,35943,16699,2290,30,33,"Europe",7.4e+08,39.6,4.9,2.3,0.3
"421","Europe",2020-03-27,329192,35977,19366,2667,31,34,"Europe",7.4e+08,44.5,4.9,2.6,0.4
"422","Europe",2020-03-28,366112,36920,22110,2744,32,35,"Europe",7.4e+08,49.5,5,3,0.4
"423","Europe",2020-03-29,396029,29917,24652,2542,33,36,"Europe",7.4e+08,53.5,4,3.3,0.3
"424","Europe",2020-03-30,428689,32660,27683,3031,34,37,"Europe",7.4e+08,57.9,4.4,3.7,0.4
"425","Europe",2020-03-31,465460,36771,30911,3228,35,38,"Europe",7.4e+08,62.9,5,4.2,0.4
"426","Europe",2020-04-01,502705,37245,34781,3870,36,39,"Europe",7.4e+08,67.9,5,4.7,0.5
"427","Europe",2020-04-02,539017,36312,38948,4167,37,40,"Europe",7.4e+08,72.8,4.9,5.3,0.6
"428","Europe",2020-04-03,576676,37659,43141,4193,38,41,"Europe",7.4e+08,77.9,5.1,5.8,0.6
"429","Europe",2020-04-04,610547,33871,47126,3985,39,42,"Europe",7.4e+08,82.5,4.6,6.4,0.5
"430","Europe",2020-04-05,638122,27575,50182,3058,40,43,"Europe",7.4e+08,86.2,3.7,6.8,0.4
"431","Europe",2020-04-06,666786,28664,53734,3553,41,44,"Europe",7.4e+08,90.1,3.9,7.3,0.5
"432","Europe",2020-04-07,697690,30904,58755,5021,42,45,"Europe",7.4e+08,94.3,4.2,7.9,0.7
"433","Europe",2020-04-08,731917,34227,62719,3964,43,46,"Europe",7.4e+08,98.9,4.6,8.5,0.5
"434","Europe",2020-04-09,765889,33972,67503,4784,44,47,"Europe",7.4e+08,103.5,4.6,9.1,0.6
"435","Europe",2020-04-10,800132,34243,71954,4451,45,48,"Europe",7.4e+08,108.1,4.6,9.7,0.6
"436","Europe",2020-04-11,829048,28916,75275,3352,46,49,"Europe",7.4e+08,112,3.9,10.2,0.5
"437","Europe",2020-04-12,880062,51014,78503,3228,47,50,"Europe",7.4e+08,118.9,6.9,10.6,0.4
"438","Europe",2020-04-13,905769,25707,81752,3249,48,51,"Europe",7.4e+08,122.4,3.5,11,0.4
"439","Europe",2020-04-14,930892,25123,85334,3584,49,52,"Europe",7.4e+08,125.8,3.4,11.5,0.5
"440","Europe",2020-04-15,962718,31826,90314,4980,50,53,"Europe",7.4e+08,130.1,4.3,12.2,0.7
"441","Europe",2020-04-16,1006727,44009,94493,4179,51,54,"Europe",7.4e+08,136,5.9,12.8,0.6
"442","Europe",2020-04-17,1038922,32195,98588,4095,52,55,"Europe",7.4e+08,140.4,4.4,13.3,0.6
"443","Europe",2020-04-18,1062635,23713,101787,3199,53,56,"Europe",7.4e+08,143.6,3.2,13.8,0.4
"444","Europe",2020-04-19,1096723,34088,104272,2485,54,57,"Europe",7.4e+08,148.2,4.6,14.1,0.3
"445","Europe",2020-04-20,1120230,23507,107093,2821,55,58,"Europe",7.4e+08,151.4,3.2,14.5,0.4
"446","Europe",2020-04-21,1147589,27359,110803,3710,56,59,"Europe",7.4e+08,155.1,3.7,15,0.5
"447","Europe",2020-04-22,1173120,27719,114195,3392,57,60,"Europe",7.4e+08,158.5,3.7,15.4,0.5
"448","Europe",2020-04-23,1202693,29573,117378,3183,58,61,"Europe",7.4e+08,162.5,4,15.9,0.4
"449","Europe",2020-04-24,1217709,25050,120705,3327,59,62,"Europe",7.4e+08,164.6,3.4,16.3,0.4
"450","Europe",2020-04-25,1242630,24921,123509,2804,60,63,"Europe",7.4e+08,167.9,3.4,16.7,0.4
"451","Europe",2020-04-26,1264799,22169,125285,1776,61,64,"Europe",7.4e+08,170.9,3,16.9,0.2
"452","Europe",2020-04-27,1288733,23934,127378,2093,62,65,"Europe",7.4e+08,174.2,3.2,17.2,0.3
"453","Europe",2020-04-28,1312549,23921,130129,2751,63,66,"Europe",7.4e+08,177.4,3.2,17.6,0.4
"454","Europe",2020-04-29,1332956,22917,133030,2901,64,67,"Europe",7.4e+08,180.1,3.1,18,0.4
"455","Europe",2020-04-30,1355739,22783,135318,2288,65,68,"Europe",7.4e+08,183.2,3.1,18.3,0.3
"456","Europe",2020-05-01,1377975,22236,137206,1888,66,69,"Europe",7.4e+08,186.2,3,18.5,0.3
"457","Europe",2020-05-02,1400851,23037,139495,2289,67,70,"Europe",7.4e+08,189.3,3.1,18.9,0.3
"458","Europe",2020-05-03,1422083,21232,140690,1195,68,71,"Europe",7.4e+08,192.2,2.9,19,0.2
"459","Europe",2020-05-04,1443170,21087,142228,1538,69,72,"Europe",7.4e+08,195,2.8,19.2,0.2
"460","Europe",2020-05-05,1465595,22425,144196,1968,70,73,"Europe",7.4e+08,198.1,3,19.5,0.3
"461","Europe",2020-05-06,1492028,26433,146725,2529,71,74,"Europe",7.4e+08,201.6,3.6,19.8,0.3
"462","Europe",2020-05-07,1517032,25004,148557,1832,72,75,"Europe",7.4e+08,205,3.4,20.1,0.2
"463","Europe",2020-05-08,1541136,24104,150612,2055,73,76,"Europe",7.4e+08,208.3,3.3,20.4,0.3
"464","Europe",2020-05-09,1562030,20894,151866,1254,74,77,"Europe",7.4e+08,211.1,2.8,20.5,0.2
"465","Europe",2020-05-10,1581990,19969,152841,975,75,78,"Europe",7.4e+08,213.8,2.7,20.7,0.1
"466","Europe",2020-05-11,1605841,23851,154029,1188,76,79,"Europe",7.4e+08,217,3.2,20.8,0.2
"467","Europe",2020-05-12,1627813,21972,155868,1845,77,80,"Europe",7.4e+08,220,3,21.1,0.2
"468","Europe",2020-05-13,1647538,19890,157483,1615,78,81,"Europe",7.4e+08,222.6,2.7,21.3,0.2
"469","Europe",2020-05-14,1667872,20334,159135,1652,79,82,"Europe",7.4e+08,225.4,2.7,21.5,0.2
"470","Europe",2020-05-15,1688261,20389,160489,1354,80,83,"Europe",7.4e+08,228.1,2.8,21.7,0.2
"471","Europe",2020-05-16,1705607,17346,161610,1121,81,84,"Europe",7.4e+08,230.5,2.3,21.8,0.2
"472","Europe",2020-05-17,1722195,16588,162788,1178,82,85,"Europe",7.4e+08,232.7,2.2,22,0.2
"473","Europe",2020-05-18,1738811,16616,163622,835,83,86,"Europe",7.4e+08,235,2.2,22.1,0.1
"474","Europe",2020-05-19,1757876,19065,164588,1183,84,87,"Europe",7.4e+08,237.6,2.6,22.2,0.2
"475","Europe",2020-05-20,1776130,18254,165804,1216,85,88,"Europe",7.4e+08,240,2.5,22.4,0.2
"476","Europe",2020-05-21,1793684,17554,166831,1027,86,89,"Europe",7.4e+08,242.4,2.4,22.5,0.1
"477","Europe",2020-05-22,1812294,18610,168434,1603,87,90,"Europe",7.4e+08,244.9,2.5,22.8,0.2
"478","Europe",2020-05-23,1828691,16397,169310,876,88,91,"Europe",7.4e+08,247.1,2.2,22.9,0.1
"479","Europe",2020-05-24,1843404,14713,170219,909,89,92,"Europe",7.4e+08,249.1,2,23,0.1
"480","Europe",2020-05-25,1857639,14607,168883,584,90,93,"Europe",7.4e+08,251,2,22.8,0.1
"481","Europe",2020-05-26,1873262,15843,169942,1059,91,94,"Europe",7.4e+08,253.1,2.1,23,0.1
"482","Europe",2020-05-27,1888273,15011,171023,1081,92,95,"Europe",7.4e+08,255.2,2,23.1,0.1
"483","Europe",2020-05-28,1908566,20293,172005,982,93,96,"Europe",7.4e+08,257.9,2.7,23.2,0.1
"484","Europe",2020-05-29,1925110,16544,173027,1022,94,97,"Europe",7.4e+08,260.1,2.2,23.4,0.1
"485","Europe",2020-05-30,1941970,16860,173811,784,95,98,"Europe",7.4e+08,262.4,2.3,23.5,0.1
"486","Europe",2020-05-31,1956735,14765,174264,453,96,99,"Europe",7.4e+08,264.4,2,23.5,0.1
"487","Europe",2020-06-01,1970979,14244,174749,489,97,100,"Europe",7.4e+08,266.3,1.9,23.6,0.1
"488","Europe",2020-06-02,1984794,14581,175606,857,98,101,"Europe",7.4e+08,268.2,2,23.7,0.1
"489","Europe",2020-06-03,2001290,16496,176515,909,99,102,"Europe",7.4e+08,270.4,2.2,23.9,0.1
"490","Europe",2020-06-04,2017504,16214,177154,639,100,103,"Europe",7.4e+08,272.6,2.2,23.9,0.1
"491","Europe",2020-06-05,2033902,16398,178022,868,101,104,"Europe",7.4e+08,274.9,2.2,24.1,0.1
"492","Europe",2020-06-06,2050002,16100,178659,637,102,105,"Europe",7.4e+08,277,2.2,24.1,0.1
"493","Europe",2020-06-07,2065152,15150,179024,365,103,106,"Europe",7.4e+08,279.1,2,24.2,0
"494","Europe",2020-06-08,2079963,14811,179445,421,104,107,"Europe",7.4e+08,281.1,2,24.2,0.1
"495","Europe",2020-06-09,2095015,15052,180265,820,105,108,"Europe",7.4e+08,283.1,2,24.4,0.1
"496","Europe",2020-06-10,2109916,14901,181030,765,106,109,"Europe",7.4e+08,285.1,2,24.5,0.1
"497","Europe",2020-06-11,2126335,16419,181561,533,107,110,"Europe",7.4e+08,287.3,2.2,24.5,0.1
"498","Europe",2020-06-12,2143393,17058,182171,610,108,111,"Europe",7.4e+08,289.6,2.3,24.6,0.1
"499","Europe",2020-06-13,2159358,15965,182691,521,109,112,"Europe",7.4e+08,291.8,2.2,24.7,0.1
"500","Europe",2020-06-14,2174405,15047,182986,295,110,113,"Europe",7.4e+08,293.8,2,24.7,0
"501","Europe",2020-06-15,2188550,14145,183325,339,111,114,"Europe",7.4e+08,295.8,1.9,24.8,0
"502","Europe",2020-06-16,2203837,15287,184068,743,112,115,"Europe",7.4e+08,297.8,2.1,24.9,0.1
"503","Europe",2020-06-17,2219611,15774,184775,707,113,116,"Europe",7.4e+08,299.9,2.1,25,0.1
"504","Europe",2020-06-18,2236482,16871,185356,581,114,117,"Europe",7.4e+08,302.2,2.3,25,0.1
"505","Europe",2020-06-19,2253142,16808,187108,1752,115,118,"Europe",7.4e+08,304.5,2.3,25.3,0.2
"506","Europe",2020-06-20,2267593,14451,187574,466,116,119,"Europe",7.4e+08,306.4,2,25.3,0.1
"507","Europe",2020-06-21,2280765,13172,187815,241,117,120,"Europe",7.4e+08,308.2,1.8,25.4,0
"508","Europe",2020-06-22,2293829,13064,188058,243,118,121,"Europe",7.4e+08,310,1.8,25.4,0
"509","Europe",2020-06-23,2309315,15486,188633,575,119,122,"Europe",7.4e+08,312.1,2.1,25.5,0.1
"510","Europe",2020-06-24,2324049,14734,189091,490,120,123,"Europe",7.4e+08,314.1,2,25.6,0.1
"511","Europe",2020-06-25,2338857,14808,189515,424,121,124,"Europe",7.4e+08,316.1,2,25.6,0.1
"512","Europe",2020-06-26,2354851,15994,190126,611,122,125,"Europe",7.4e+08,318.2,2.2,25.7,0.1
"513","Europe",2020-06-27,2367544,12693,190509,383,123,126,"Europe",7.4e+08,319.9,1.7,25.7,0.1
"514","Europe",2020-06-28,2378553,11728,190766,258,124,127,"Europe",7.4e+08,321.4,1.6,25.8,0
"515","Europe",2020-06-29,2394707,16154,191064,298,125,128,"Europe",7.4e+08,323.6,2.2,25.8,0
"516","Europe",2020-06-30,2407588,12881,191592,528,126,129,"Europe",7.4e+08,325.3,1.7,25.9,0.1
"517","Europe",2020-07-01,2421263,13675,192165,573,127,130,"Europe",7.4e+08,327.2,1.8,26,0.1
"518","Europe",2020-07-02,2435174,13911,192620,455,128,131,"Europe",7.4e+08,329.1,1.9,26,0.1
"519","Europe",2020-07-03,2449248,14074,193133,513,129,132,"Europe",7.4e+08,331,1.9,26.1,0.1
"520","Europe",2020-07-04,2461341,12093,193498,367,130,133,"Europe",7.4e+08,332.6,1.6,26.1,0
"521","Europe",2020-07-05,2472808,11467,193755,260,131,134,"Europe",7.4e+08,334.2,1.5,26.2,0
"522","Europe",2020-07-06,2488169,15361,194052,298,132,135,"Europe",7.4e+08,336.2,2.1,26.2,0
"523","Europe",2020-07-07,2500174,12005,194611,559,133,136,"Europe",7.4e+08,337.9,1.6,26.3,0.1
"524","Europe",2020-07-08,2513473,13299,195086,479,134,137,"Europe",7.4e+08,339.7,1.8,26.4,0.1
"525","Europe",2020-07-09,2528075,14602,195557,471,135,138,"Europe",7.4e+08,341.6,2,26.4,0.1
"526","Europe",2020-07-10,2542773,14698,195958,402,136,139,"Europe",7.4e+08,343.6,2,26.5,0.1
"527","Europe",2020-07-11,2555949,13176,196426,468,137,140,"Europe",7.4e+08,345.4,1.8,26.5,0.1
"528","Europe",2020-07-12,2567597,11648,196659,233,138,141,"Europe",7.4e+08,347,1.6,26.6,0
"529","Europe",2020-07-13,2583088,15491,196914,255,139,142,"Europe",7.4e+08,349.1,2.1,26.6,0
"530","Europe",2020-07-14,2595699,12611,197373,461,140,143,"Europe",7.4e+08,350.8,1.7,26.7,0.1
"531","Europe",2020-07-15,2610511,14817,197853,481,141,144,"Europe",7.4e+08,352.8,2,26.7,0.1
"532","Europe",2020-07-16,2625891,15383,198269,416,142,145,"Europe",7.4e+08,354.9,2.1,26.8,0.1
"533","Europe",2020-07-17,2642210,16319,198728,459,143,146,"Europe",7.4e+08,357.1,2.2,26.9,0.1
"534","Europe",2020-07-18,2655211,13001,199003,277,144,147,"Europe",7.4e+08,358.8,1.8,26.9,0
"535","Europe",2020-07-19,2666852,11641,199206,203,145,148,"Europe",7.4e+08,360.4,1.6,26.9,0
"536","Europe",2020-07-20,2685660,18808,199460,254,146,149,"Europe",7.4e+08,362.9,2.5,27,0
"537","Europe",2020-07-21,2699918,14258,199867,420,147,150,"Europe",7.4e+08,364.9,1.9,27,0.1
"538","Europe",2020-07-22,2715991,16073,200279,412,148,151,"Europe",7.4e+08,367,2.2,27.1,0.1
"539","Europe",2020-07-23,2733408,17417,200647,368,149,152,"Europe",7.4e+08,369.4,2.4,27.1,0
"540","Europe",2020-07-24,2751030,17622,201097,450,150,153,"Europe",7.4e+08,371.8,2.4,27.2,0.1
"541","Europe",2020-07-25,2764515,13485,201406,309,151,154,"Europe",7.4e+08,373.6,1.8,27.2,0
"542","Europe",2020-07-26,2777521,13006,201609,203,152,155,"Europe",7.4e+08,375.3,1.8,27.2,0
"543","Europe",2020-07-27,2799530,22009,201825,234,153,156,"Europe",7.4e+08,378.3,3,27.3,0
"544","Europe",2020-07-28,2814816,15286,202249,424,154,157,"Europe",7.4e+08,380.4,2.1,27.3,0.1
"545","Europe",2020-07-29,2831710,16894,202685,436,155,158,"Europe",7.4e+08,382.7,2.3,27.4,0.1
"546","North America",2020-01-22,1,1,0,0,0,0,"North America",5.8e+08,0,0,0,0
"547","North America",2020-01-23,1,0,0,0,0,0,"North America",5.8e+08,0,0,0,0
"548","North America",2020-01-24,2,1,0,0,0,0,"North America",5.8e+08,0,0,0,0
"549","North America",2020-01-25,2,0,0,0,0,0,"North America",5.8e+08,0,0,0,0
"550","North America",2020-01-26,6,4,0,0,0,0,"North America",5.8e+08,0,0,0,0
"551","North America",2020-01-27,6,0,0,0,0,0,"North America",5.8e+08,0,0,0,0
"552","North America",2020-01-28,7,1,0,0,0,0,"North America",5.8e+08,0,0,0,0
"553","North America",2020-01-29,7,0,0,0,0,0,"North America",5.8e+08,0,0,0,0
"554","North America",2020-01-30,7,0,0,0,0,0,"North America",5.8e+08,0,0,0,0
"555","North America",2020-01-31,11,4,0,0,0,0,"North America",5.8e+08,0,0,0,0
"556","North America",2020-02-01,12,1,0,0,0,0,"North America",5.8e+08,0,0,0,0
"557","North America",2020-02-02,12,0,0,0,0,0,"North America",5.8e+08,0,0,0,0
"558","North America",2020-02-03,15,3,0,0,0,0,"North America",5.8e+08,0,0,0,0
"559","North America",2020-02-04,15,0,0,0,0,0,"North America",5.8e+08,0,0,0,0
"560","North America",2020-02-05,16,1,0,0,0,0,"North America",5.8e+08,0,0,0,0
"561","North America",2020-02-06,16,0,0,0,0,0,"North America",5.8e+08,0,0,0,0
"562","North America",2020-02-07,18,2,0,0,0,0,"North America",5.8e+08,0,0,0,0
"563","North America",2020-02-08,18,0,0,0,0,0,"North America",5.8e+08,0,0,0,0
"564","North America",2020-02-09,18,0,0,0,0,0,"North America",5.8e+08,0,0,0,0
"565","North America",2020-02-10,18,0,0,0,0,0,"North America",5.8e+08,0,0,0,0
"566","North America",2020-02-11,19,1,0,0,0,0,"North America",5.8e+08,0,0,0,0
"567","North America",2020-02-12,19,0,0,0,0,0,"North America",5.8e+08,0,0,0,0
"568","North America",2020-02-13,20,1,0,0,0,0,"North America",5.8e+08,0,0,0,0
"569","North America",2020-02-14,20,0,0,0,0,0,"North America",5.8e+08,0,0,0,0
"570","North America",2020-02-15,20,0,0,0,0,0,"North America",5.8e+08,0,0,0,0
"571","North America",2020-02-16,20,0,0,0,0,0,"North America",5.8e+08,0,0,0,0
"572","North America",2020-02-17,21,1,0,0,0,0,"North America",5.8e+08,0,0,0,0
"573","North America",2020-02-18,21,0,0,0,0,0,"North America",5.8e+08,0,0,0,0
"574","North America",2020-02-19,21,0,0,0,0,0,"North America",5.8e+08,0,0,0,0
"575","North America",2020-02-20,21,0,0,0,0,0,"North America",5.8e+08,0,0,0,0
"576","North America",2020-02-21,24,3,0,0,0,0,"North America",5.8e+08,0,0,0,0
"577","North America",2020-02-22,24,0,0,0,0,0,"North America",5.8e+08,0,0,0,0
"578","North America",2020-02-23,24,0,0,0,0,0,"North America",5.8e+08,0,0,0,0
"579","North America",2020-02-24,25,1,0,0,0,0,"North America",5.8e+08,0,0,0,0
"580","North America",2020-02-25,26,1,0,0,0,0,"North America",5.8e+08,0,0,0,0
"581","North America",2020-02-26,26,0,0,0,0,0,"North America",5.8e+08,0,0,0,0
"582","North America",2020-02-27,29,3,0,0,0,0,"North America",5.8e+08,0,0,0,0
"583","North America",2020-02-28,31,2,0,0,0,0,"North America",5.8e+08,0,0,0,0
"584","North America",2020-02-29,48,17,1,1,0,0,"North America",5.8e+08,0,0,0,0
"585","North America",2020-03-01,60,12,1,0,0,0,"North America",5.8e+08,0,0,0,0
"586","North America",2020-03-02,86,26,6,5,0,0,"North America",5.8e+08,0,0,0,0
"587","North America",2020-03-03,109,23,7,1,0,0,"North America",5.8e+08,0,0,0,0
"588","North America",2020-03-04,143,34,11,4,0,1,"North America",5.8e+08,0,0,0,0
"589","North America",2020-03-05,217,74,12,1,1,2,"North America",5.8e+08,0,0,0,0
"590","North America",2020-03-06,280,63,14,2,2,3,"North America",5.8e+08,0,0,0,0
"591","North America",2020-03-07,400,120,17,3,3,4,"North America",5.8e+08,0.1,0,0,0
"592","North America",2020-03-08,532,132,21,4,4,5,"North America",5.8e+08,0.1,0,0,0
"593","North America",2020-03-09,617,85,23,2,5,6,"North America",5.8e+08,0.1,0,0,0
"594","North America",2020-03-10,812,195,29,6,6,7,"North America",5.8e+08,0.1,0,0,0
"595","North America",2020-03-11,1254,442,35,6,7,8,"North America",5.8e+08,0.2,0.1,0,0
"596","North America",2020-03-12,1735,481,45,10,8,9,"North America",5.8e+08,0.3,0.1,0,0
"597","North America",2020-03-13,2446,711,54,9,9,10,"North America",5.8e+08,0.4,0.1,0,0
"598","North America",2020-03-14,3202,756,60,6,10,11,"North America",5.8e+08,0.6,0.1,0,0
"599","North America",2020-03-15,3378,176,72,12,11,12,"North America",5.8e+08,0.6,0,0,0
"600","North America",2020-03-16,4989,1611,103,31,12,13,"North America",5.8e+08,0.9,0.3,0,0
"601","North America",2020-03-17,6886,1897,139,36,13,14,"North America",5.8e+08,1.2,0.3,0,0
"602","North America",2020-03-18,9898,3012,200,61,14,15,"North America",5.8e+08,1.7,0.5,0,0
"603","North America",2020-03-19,15403,5505,282,82,15,16,"North America",5.8e+08,2.7,0.9,0,0
"604","North America",2020-03-20,21016,5613,383,101,16,17,"North America",5.8e+08,3.6,1,0.1,0
"605","North America",2020-03-21,27930,6914,485,102,17,18,"North America",5.8e+08,4.8,1.2,0.1,0
"606","North America",2020-03-22,36375,8445,636,151,18,19,"North America",5.8e+08,6.3,1.5,0.1,0
"607","North America",2020-03-23,47256,10881,827,191,19,20,"North America",5.8e+08,8.1,1.9,0.1,0
"608","North America",2020-03-24,58366,11110,1069,242,20,21,"North America",5.8e+08,10.1,1.9,0.2,0
"609","North America",2020-03-25,71081,12715,1393,324,21,22,"North America",5.8e+08,12.3,2.2,0.2,0.1
"610","North America",2020-03-26,90313,19232,1818,425,22,23,"North America",5.8e+08,15.6,3.3,0.3,0.1
"611","North America",2020-03-27,109551,19238,2405,587,23,24,"North America",5.8e+08,18.9,3.3,0.4,0.1
"612","North America",2020-03-28,130745,21194,3065,660,24,25,"North America",5.8e+08,22.5,3.7,0.5,0.1
"613","North America",2020-03-29,151073,20328,3715,650,25,26,"North America",5.8e+08,26,3.5,0.6,0.1
"614","North America",2020-03-30,174025,22952,4574,859,26,27,"North America",5.8e+08,30,4,0.8,0.1
"615","North America",2020-03-31,201744,27719,5838,1264,27,28,"North America",5.8e+08,34.8,4.8,1,0.2
"616","North America",2020-04-01,228701,26957,7109,1271,28,29,"North America",5.8e+08,39.4,4.6,1.2,0.2
"617","North America",2020-04-02,261327,32626,8748,1639,29,30,"North America",5.8e+08,45.1,5.6,1.5,0.3
"618","North America",2020-04-03,294949,33622,10128,1380,30,31,"North America",5.8e+08,50.9,5.8,1.7,0.2
"619","North America",2020-04-04,329168,34219,11479,1351,31,32,"North America",5.8e+08,56.8,5.9,2,0.2
"620","North America",2020-04-05,360533,31365,13005,1526,32,33,"North America",5.8e+08,62.2,5.4,2.2,0.3
"621","North America",2020-04-06,391649,31116,14803,1798,33,34,"North America",5.8e+08,67.5,5.4,2.6,0.3
"622","North America",2020-04-07,424427,32778,17182,2379,34,35,"North America",5.8e+08,73.2,5.7,3,0.4
"623","North America",2020-04-08,458212,33785,19383,2201,35,36,"North America",5.8e+08,79,5.8,3.3,0.4
"624","North America",2020-04-09,495417,37205,21595,2212,36,37,"North America",5.8e+08,85.4,6.4,3.7,0.4
"625","North America",2020-04-10,531382,35965,23794,2199,37,38,"North America",5.8e+08,91.6,6.2,4.1,0.4
"626","North America",2020-04-11,563516,32134,25996,2202,38,39,"North America",5.8e+08,97.2,5.5,4.5,0.4
"627","North America",2020-04-12,594065,30549,27899,1903,39,40,"North America",5.8e+08,102.4,5.3,4.8,0.3
"628","North America",2020-04-13,621566,27501,29845,1946,40,41,"North America",5.8e+08,107.2,4.7,5.1,0.3
"629","North America",2020-04-14,650645,29079,32457,2612,41,42,"North America",5.8e+08,112.2,5,5.6,0.5
"630","North America",2020-04-15,681939,31294,35174,2717,42,43,"North America",5.8e+08,117.6,5.4,6.1,0.5
"631","North America",2020-04-16,716721,34782,37598,2424,43,44,"North America",5.8e+08,123.6,6,6.5,0.4
"632","North America",2020-04-17,752782,36061,40393,2795,44,45,"North America",5.8e+08,129.8,6.2,7,0.5
"633","North America",2020-04-18,783830,31048,42959,2566,45,46,"North America",5.8e+08,135.1,5.4,7.4,0.4
"634","North America",2020-04-19,812433,28603,44404,1445,46,47,"North America",5.8e+08,140.1,4.9,7.7,0.2
"635","North America",2020-04-20,842962,30529,46405,2001,47,48,"North America",5.8e+08,145.3,5.3,8,0.3
"636","North America",2020-04-21,871400,28438,49213,2808,48,49,"North America",5.8e+08,150.2,4.9,8.5,0.5
"637","North America",2020-04-22,903359,31959,51907,2694,49,50,"North America",5.8e+08,155.8,5.5,8.9,0.5
"638","North America",2020-04-23,941051,37692,54629,2722,50,51,"North America",5.8e+08,162.3,6.5,9.4,0.5
"639","North America",2020-04-24,980806,39755,57085,2456,51,52,"North America",5.8e+08,169.1,6.9,9.8,0.4
"640","North America",2020-04-25,1016691,35885,59008,1923,52,53,"North America",5.8e+08,175.3,6.2,10.2,0.3
"641","North America",2020-04-26,1047462,30771,60479,1471,53,54,"North America",5.8e+08,180.6,5.3,10.4,0.3
"642","North America",2020-04-27,1072892,25430,62151,1672,54,55,"North America",5.8e+08,185,4.4,10.7,0.3
"643","North America",2020-04-28,1100427,27535,64656,2505,55,56,"North America",5.8e+08,189.7,4.7,11.1,0.4
"644","North America",2020-04-29,1131471,31044,67520,2864,56,57,"North America",5.8e+08,195.1,5.4,11.6,0.5
"645","North America",2020-04-30,1164758,33287,70128,2608,57,58,"North America",5.8e+08,200.8,5.7,12.1,0.4
"646","North America",2020-05-01,1202989,38231,72360,2232,58,59,"North America",5.8e+08,207.4,6.6,12.5,0.4
"647","North America",2020-05-02,1236164,33175,74175,1815,59,60,"North America",5.8e+08,213.1,5.7,12.8,0.3
"648","North America",2020-05-03,1266248,30084,75493,1318,60,61,"North America",5.8e+08,218.3,5.2,13,0.2
"649","North America",2020-05-04,1292250,26002,77152,1659,61,62,"North America",5.8e+08,222.8,4.5,13.3,0.3
"650","North America",2020-05-05,1319581,27331,79912,2760,62,63,"North America",5.8e+08,227.5,4.7,13.8,0.5
"651","North America",2020-05-06,1348764,29183,82768,2856,63,64,"North America",5.8e+08,232.5,5,14.3,0.5
"652","North America",2020-05-07,1380948,32184,85149,2381,64,65,"North America",5.8e+08,238.1,5.5,14.7,0.4
"653","North America",2020-05-08,1412229,31281,87249,2100,65,66,"North America",5.8e+08,243.5,5.4,15,0.4
"654","North America",2020-05-09,1442056,29827,89060,1811,66,67,"North America",5.8e+08,248.6,5.1,15.4,0.3
"655","North America",2020-05-10,1465585,23529,90238,1178,67,68,"North America",5.8e+08,252.7,4.1,15.6,0.2
"656","North America",2020-05-11,1487712,22127,91503,1265,68,69,"North America",5.8e+08,256.5,3.8,15.8,0.2
"657","North America",2020-05-12,1513628,25936,93680,2177,69,70,"North America",5.8e+08,261,4.5,16.2,0.4
"658","North America",2020-05-13,1538456,24828,95869,2189,70,71,"North America",5.8e+08,265.3,4.3,16.5,0.4
"659","North America",2020-05-14,1570383,31927,98099,2230,71,72,"North America",5.8e+08,270.8,5.5,16.9,0.4
"660","North America",2020-05-15,1600295,29912,100150,2051,72,73,"North America",5.8e+08,275.9,5.2,17.3,0.4
"661","North America",2020-05-16,1629674,29379,101788,1638,73,74,"North America",5.8e+08,281,5.1,17.5,0.3
"662","North America",2020-05-17,1652517,22843,102789,1001,74,75,"North America",5.8e+08,284.9,3.9,17.7,0.2
"663","North America",2020-05-18,1678775,26258,103788,999,75,76,"North America",5.8e+08,289.4,4.5,17.9,0.2
"664","North America",2020-05-19,1704374,25599,105768,1980,76,77,"North America",5.8e+08,293.9,4.4,18.2,0.3
"665","North America",2020-05-20,1732182,27808,107897,2129,77,78,"North America",5.8e+08,298.7,4.8,18.6,0.4
"666","North America",2020-05-21,1762743,30561,109681,1784,78,79,"North America",5.8e+08,303.9,5.3,18.9,0.3
"667","North America",2020-05-22,1792225,29482,111549,1868,79,80,"North America",5.8e+08,309,5.1,19.2,0.3
"668","North America",2020-05-23,1819815,27590,112977,1428,80,81,"North America",5.8e+08,313.8,4.8,19.5,0.2
"669","North America",2020-05-24,1846038,26223,113894,917,81,82,"North America",5.8e+08,318.3,4.5,19.6,0.2
"670","North America",2020-05-25,1869824,23786,114777,883,82,83,"North America",5.8e+08,322.4,4.1,19.8,0.2
"671","North America",2020-05-26,1894778,24954,116107,1330,83,84,"North America",5.8e+08,326.7,4.3,20,0.2
"672","North America",2020-05-27,1918849,24071,118225,2118,84,85,"North America",5.8e+08,330.8,4.2,20.4,0.4
"673","North America",2020-05-28,1947209,28360,119990,1765,85,86,"North America",5.8e+08,335.7,4.9,20.7,0.3
"674","North America",2020-05-29,1977395,30186,121631,1641,86,87,"North America",5.8e+08,340.9,5.2,21,0.3
"675","North America",2020-05-30,2007290,29895,123102,1471,87,88,"North America",5.8e+08,346.1,5.2,21.2,0.3
"676","North America",2020-05-31,2032844,25554,124084,982,88,89,"North America",5.8e+08,350.5,4.4,21.4,0.2
"677","North America",2020-06-01,2055084,22240,125145,1061,89,90,"North America",5.8e+08,354.3,3.8,21.6,0.2
"678","North America",2020-06-02,2081859,26775,126772,1627,90,91,"North America",5.8e+08,358.9,4.6,21.9,0.3
"679","North America",2020-06-03,2107950,26091,128996,2224,91,92,"North America",5.8e+08,363.4,4.5,22.2,0.4
"680","North America",2020-06-04,2135928,27978,130996,2000,92,93,"North America",5.8e+08,368.3,4.8,22.6,0.3
"681","North America",2020-06-05,2167627,31699,132728,1732,93,94,"North America",5.8e+08,373.7,5.5,22.9,0.3
"682","North America",2020-06-06,2196493,28866,133864,1136,94,95,"North America",5.8e+08,378.7,5,23.1,0.2
"683","North America",2020-06-07,2220091,23598,134570,706,95,96,"North America",5.8e+08,382.8,4.1,23.2,0.1
"684","North America",2020-06-08,2242958,22867,135494,924,96,97,"North America",5.8e+08,386.7,3.9,23.4,0.2
"685","North America",2020-06-09,2267865,24907,137146,1652,97,98,"North America",5.8e+08,391,4.3,23.6,0.3
"686","North America",2020-06-10,2296163,28298,138908,1762,98,99,"North America",5.8e+08,395.9,4.9,23.9,0.3
"687","North America",2020-06-11,2326652,30489,140458,1550,99,100,"North America",5.8e+08,401.1,5.3,24.2,0.3
"688","North America",2020-06-12,2359919,33267,141877,1419,100,101,"North America",5.8e+08,406.9,5.7,24.5,0.2
"689","North America",2020-06-13,2392063,32144,143156,1279,101,102,"North America",5.8e+08,412.4,5.5,24.7,0.2
"690","North America",2020-06-14,2419089,27026,143802,646,102,103,"North America",5.8e+08,417.1,4.7,24.8,0.1
"691","North America",2020-06-15,2444026,24937,144697,895,103,104,"North America",5.8e+08,421.4,4.3,24.9,0.2
"692","North America",2020-06-16,2475168,31142,146370,1673,104,105,"North America",5.8e+08,426.8,5.4,25.2,0.3
"693","North America",2020-06-17,2508656,33488,147988,1618,105,106,"North America",5.8e+08,432.5,5.8,25.5,0.3
"694","North America",2020-06-18,2545321,36665,149445,1457,106,107,"North America",5.8e+08,438.8,6.3,25.8,0.3
"695","North America",2020-06-19,2585110,39789,150880,1435,107,108,"North America",5.8e+08,445.7,6.9,26,0.2
"696","North America",2020-06-20,2626297,41187,151999,1119,108,109,"North America",5.8e+08,452.8,7.1,26.2,0.2
"697","North America",2020-06-21,2661197,34900,153356,1357,109,110,"North America",5.8e+08,458.8,6,26.4,0.2
"698","North America",2020-06-22,2699666,38469,154617,1261,110,111,"North America",5.8e+08,465.5,6.6,26.7,0.2
"699","North America",2020-06-23,2744701,45035,156348,1731,111,112,"North America",5.8e+08,473.2,7.8,27,0.3
"700","North America",2020-06-24,2788149,43448,158151,1803,112,113,"North America",5.8e+08,480.7,7.5,27.3,0.3
"701","North America",2020-06-25,2838130,49981,161398,3247,113,114,"North America",5.8e+08,489.3,8.6,27.8,0.6
"702","North America",2020-06-26,2891840,53710,162854,1456,114,115,"North America",5.8e+08,498.6,9.3,28.1,0.3
"703","North America",2020-06-27,2942813,50973,164030,1176,115,116,"North America",5.8e+08,507.4,8.8,28.3,0.2
"704","North America",2020-06-28,2990543,47730,164595,565,116,117,"North America",5.8e+08,515.6,8.2,28.4,0.1
"705","North America",2020-06-29,3039090,48547,165529,934,117,118,"North America",5.8e+08,524,8.4,28.5,0.2
"706","North America",2020-06-30,3094334,55244,167004,1475,118,119,"North America",5.8e+08,533.5,9.5,28.8,0.3
"707","North America",2020-07-01,3155404,61070,168567,1563,119,120,"North America",5.8e+08,544,10.5,29.1,0.3
"708","North America",2020-07-02,3221072,65668,170087,1520,120,121,"North America",5.8e+08,555.4,11.3,29.3,0.3
"709","North America",2020-07-03,3286071,65000,171505,1418,121,122,"North America",5.8e+08,566.6,11.2,29.6,0.2
"710","North America",2020-07-04,3343755,57684,172393,888,122,123,"North America",5.8e+08,576.5,9.9,29.7,0.2
"711","North America",2020-07-05,3403401,59646,173024,631,123,124,"North America",5.8e+08,586.8,10.3,29.8,0.1
"712","North America",2020-07-06,3457559,54158,173932,908,124,125,"North America",5.8e+08,596.1,9.3,30,0.2
"713","North America",2020-07-07,3527819,70260,176147,2215,125,126,"North America",5.8e+08,608.2,12.1,30.4,0.4
"714","North America",2020-07-08,3597693,69874,177878,1731,126,127,"North America",5.8e+08,620.3,12,30.7,0.3
"715","North America",2020-07-09,3673299,75606,179699,1821,127,128,"North America",5.8e+08,633.3,13,31,0.3
"716","North America",2020-07-10,3752914,79615,181347,1648,128,129,"North America",5.8e+08,647.1,13.7,31.3,0.3
"717","North America",2020-07-11,3823873,70959,182681,1334,129,130,"North America",5.8e+08,659.3,12.2,31.5,0.2
"718","North America",2020-07-12,3892250,68377,183487,806,130,131,"North America",5.8e+08,671.1,11.8,31.6,0.1
"719","North America",2020-07-13,3960925,68675,184422,935,131,132,"North America",5.8e+08,682.9,11.8,31.8,0.2
"720","North America",2020-07-14,4040222,79297,186300,1878,132,133,"North America",5.8e+08,696.6,13.7,32.1,0.3
"721","North America",2020-07-15,4119648,79426,187960,1660,133,134,"North America",5.8e+08,710.3,13.7,32.4,0.3
"722","North America",2020-07-16,4208658,89010,189699,1739,134,135,"North America",5.8e+08,725.6,15.3,32.7,0.3
"723","North America",2020-07-17,4292758,84100,191469,1770,135,136,"North America",5.8e+08,740.1,14.5,33,0.3
"724","North America",2020-07-18,4372908,80150,193032,1563,136,137,"North America",5.8e+08,753.9,13.8,33.3,0.3
"725","North America",2020-07-19,4445519,72611,193846,814,137,138,"North America",5.8e+08,766.5,12.5,33.4,0.1
"726","North America",2020-07-20,4516903,71384,194752,906,138,139,"North America",5.8e+08,778.8,12.3,33.6,0.2
"727","North America",2020-07-21,4593342,76439,196913,2161,139,140,"North America",5.8e+08,792,13.2,34,0.4
"728","North America",2020-07-22,4675309,81967,199007,2094,140,141,"North America",5.8e+08,806.1,14.1,34.3,0.4
"729","North America",2020-07-23,4758659,83350,200957,1950,141,142,"North America",5.8e+08,820.5,14.4,34.6,0.3
"730","North America",2020-07-24,4846133,87474,203002,2045,142,143,"North America",5.8e+08,835.5,15.1,35,0.4
"731","North America",2020-07-25,4925883,79750,204047,1045,143,144,"North America",5.8e+08,849.3,13.8,35.2,0.2
"732","North America",2020-07-26,4992574,66691,205653,1606,144,145,"North America",5.8e+08,860.8,11.5,35.5,0.3
"733","North America",2020-07-27,5058893,66319,207228,1575,145,146,"North America",5.8e+08,872.2,11.4,35.7,0.3
"734","North America",2020-07-28,5136788,77895,209533,2305,146,147,"North America",5.8e+08,885.7,13.4,36.1,0.4
"735","North America",2020-07-29,5218946,82158,211593,2060,147,148,"North America",5.8e+08,899.8,14.2,36.5,0.4
"736","Oceania",2020-01-26,4,4,0,0,0,0,"Oceania",3.8e+07,0,0,0,0
"737","Oceania",2020-01-27,5,1,0,0,0,0,"Oceania",3.8e+07,0,0,0,0
"738","Oceania",2020-01-28,5,0,0,0,0,0,"Oceania",3.8e+07,0,0,0,0
"739","Oceania",2020-01-29,6,1,0,0,0,0,"Oceania",3.8e+07,0,0,0,0
"740","Oceania",2020-01-30,9,3,0,0,0,0,"Oceania",3.8e+07,0,0,0,0
"741","Oceania",2020-01-31,9,0,0,0,0,0,"Oceania",3.8e+07,0,0,0,0
"742","Oceania",2020-02-01,12,3,0,0,0,0,"Oceania",3.8e+07,0,0,0,0
"743","Oceania",2020-02-02,12,0,0,0,0,0,"Oceania",3.8e+07,0,0,0,0
"744","Oceania",2020-02-03,12,0,0,0,0,0,"Oceania",3.8e+07,0,0,0,0
"745","Oceania",2020-02-04,13,1,0,0,0,0,"Oceania",3.8e+07,0,0,0,0
"746","Oceania",2020-02-05,13,0,0,0,0,0,"Oceania",3.8e+07,0,0,0,0
"747","Oceania",2020-02-06,14,1,0,0,0,0,"Oceania",3.8e+07,0,0,0,0
"748","Oceania",2020-02-07,15,1,0,0,0,0,"Oceania",3.8e+07,0,0,0,0
"749","Oceania",2020-02-08,15,0,0,0,0,0,"Oceania",3.8e+07,0,0,0,0
"750","Oceania",2020-02-09,15,0,0,0,0,0,"Oceania",3.8e+07,0,0,0,0
"751","Oceania",2020-02-10,15,0,0,0,0,0,"Oceania",3.8e+07,0,0,0,0
"752","Oceania",2020-02-11,15,0,0,0,0,0,"Oceania",3.8e+07,0,0,0,0
"753","Oceania",2020-02-12,15,0,0,0,0,0,"Oceania",3.8e+07,0,0,0,0
"754","Oceania",2020-02-13,15,0,0,0,0,0,"Oceania",3.8e+07,0,0,0,0
"755","Oceania",2020-02-14,15,0,0,0,0,0,"Oceania",3.8e+07,0,0,0,0
"756","Oceania",2020-02-15,15,0,0,0,0,0,"Oceania",3.8e+07,0,0,0,0
"757","Oceania",2020-02-16,15,0,0,0,0,0,"Oceania",3.8e+07,0,0,0,0
"758","Oceania",2020-02-17,15,0,0,0,0,0,"Oceania",3.8e+07,0,0,0,0
"759","Oceania",2020-02-18,15,0,0,0,0,0,"Oceania",3.8e+07,0,0,0,0
"760","Oceania",2020-02-19,15,0,0,0,0,0,"Oceania",3.8e+07,0,0,0,0
"761","Oceania",2020-02-20,15,0,0,0,0,0,"Oceania",3.8e+07,0,0,0,0
"762","Oceania",2020-02-21,15,0,0,0,0,0,"Oceania",3.8e+07,0,0,0,0
"763","Oceania",2020-02-22,15,0,0,0,0,0,"Oceania",3.8e+07,0,0,0,0
"764","Oceania",2020-02-23,15,0,0,0,0,0,"Oceania",3.8e+07,0,0,0,0
"765","Oceania",2020-02-24,15,0,0,0,0,0,"Oceania",3.8e+07,0,0,0,0
"766","Oceania",2020-02-25,15,0,0,0,0,0,"Oceania",3.8e+07,0,0,0,0
"767","Oceania",2020-02-26,15,0,0,0,0,0,"Oceania",3.8e+07,0,0,0,0
"768","Oceania",2020-02-27,15,0,0,0,0,0,"Oceania",3.8e+07,0,0,0,0
"769","Oceania",2020-02-28,16,1,0,0,0,0,"Oceania",3.8e+07,0,0,0,0
"770","Oceania",2020-02-29,26,10,0,0,0,0,"Oceania",3.8e+07,0.1,0,0,0
"771","Oceania",2020-03-01,28,2,1,1,0,0,"Oceania",3.8e+07,0.1,0,0,0
"772","Oceania",2020-03-02,31,3,1,0,0,0,"Oceania",3.8e+07,0.1,0,0,0
"773","Oceania",2020-03-03,40,9,1,0,0,0,"Oceania",3.8e+07,0.1,0,0,0
"774","Oceania",2020-03-04,55,15,2,1,0,0,"Oceania",3.8e+07,0.1,0,0,0
"775","Oceania",2020-03-05,58,3,2,0,0,0,"Oceania",3.8e+07,0.2,0,0,0
"776","Oceania",2020-03-06,64,6,2,0,0,0,"Oceania",3.8e+07,0.2,0,0,0
"777","Oceania",2020-03-07,68,4,2,0,0,0,"Oceania",3.8e+07,0.2,0,0,0
"778","Oceania",2020-03-08,81,13,3,1,0,0,"Oceania",3.8e+07,0.2,0,0,0
"779","Oceania",2020-03-09,96,15,3,0,0,0,"Oceania",3.8e+07,0.3,0,0,0
"780","Oceania",2020-03-10,112,16,3,0,0,0,"Oceania",3.8e+07,0.3,0,0,0
"781","Oceania",2020-03-11,133,21,3,0,0,1,"Oceania",3.8e+07,0.3,0.1,0,0
"782","Oceania",2020-03-12,133,0,3,0,0,2,"Oceania",3.8e+07,0.3,0,0,0
"783","Oceania",2020-03-13,205,72,3,0,0,3,"Oceania",3.8e+07,0.5,0.2,0,0
"784","Oceania",2020-03-14,256,51,3,0,0,4,"Oceania",3.8e+07,0.7,0.1,0,0
"785","Oceania",2020-03-15,305,49,3,0,0,5,"Oceania",3.8e+07,0.8,0.1,0,0
"786","Oceania",2020-03-16,385,80,3,0,0,6,"Oceania",3.8e+07,1,0.2,0,0
"787","Oceania",2020-03-17,464,79,5,2,0,7,"Oceania",3.8e+07,1.2,0.2,0,0
"788","Oceania",2020-03-18,588,124,6,1,0,8,"Oceania",3.8e+07,1.5,0.3,0,0
"789","Oceania",2020-03-19,710,122,6,0,0,9,"Oceania",3.8e+07,1.9,0.3,0,0
"790","Oceania",2020-03-20,832,122,7,1,0,10,"Oceania",3.8e+07,2.2,0.3,0,0
"791","Oceania",2020-03-21,1125,293,7,0,0,11,"Oceania",3.8e+07,3,0.8,0,0
"792","Oceania",2020-03-22,1654,529,7,0,0,12,"Oceania",3.8e+07,4.4,1.4,0,0
"793","Oceania",2020-03-23,1788,134,7,0,0,13,"Oceania",3.8e+07,4.7,0.4,0,0
"794","Oceania",2020-03-24,2204,416,8,1,0,14,"Oceania",3.8e+07,5.8,1.1,0,0
"795","Oceania",2020-03-25,2575,371,8,0,0,15,"Oceania",3.8e+07,6.8,1,0,0
"796","Oceania",2020-03-26,3099,524,13,5,0,16,"Oceania",3.8e+07,8.2,1.4,0,0
"797","Oceania",2020-03-27,3517,418,13,0,1,17,"Oceania",3.8e+07,9.3,1.1,0,0
"798","Oceania",2020-03-28,4097,580,14,1,2,18,"Oceania",3.8e+07,10.8,1.5,0,0
"799","Oceania",2020-03-29,4504,407,17,3,3,19,"Oceania",3.8e+07,11.9,1.1,0,0
"800","Oceania",2020-03-30,4956,452,18,1,4,20,"Oceania",3.8e+07,13,1.2,0,0
"801","Oceania",2020-03-31,5212,256,19,1,5,21,"Oceania",3.8e+07,13.7,0.7,0,0
"802","Oceania",2020-04-01,5576,364,21,2,6,22,"Oceania",3.8e+07,14.7,1,0.1,0
"803","Oceania",2020-04-02,5921,345,25,4,7,23,"Oceania",3.8e+07,15.6,0.9,0.1,0
"804","Oceania",2020-04-03,6206,285,29,4,8,24,"Oceania",3.8e+07,16.3,0.8,0.1,0
"805","Oceania",2020-04-04,6513,307,31,2,9,25,"Oceania",3.8e+07,17.1,0.8,0.1,0
"806","Oceania",2020-04-05,6739,226,36,5,10,26,"Oceania",3.8e+07,17.7,0.6,0.1,0
"807","Oceania",2020-04-06,6919,180,41,5,11,27,"Oceania",3.8e+07,18.2,0.5,0.1,0
"808","Oceania",2020-04-07,7072,153,46,5,12,28,"Oceania",3.8e+07,18.6,0.4,0.1,0
"809","Oceania",2020-04-08,7237,165,51,5,13,29,"Oceania",3.8e+07,19,0.4,0.1,0
"810","Oceania",2020-04-09,7364,127,52,1,14,30,"Oceania",3.8e+07,19.4,0.3,0.1,0
"811","Oceania",2020-04-10,7516,152,56,4,15,31,"Oceania",3.8e+07,19.8,0.4,0.1,0
"812","Oceania",2020-04-11,7633,117,61,5,16,32,"Oceania",3.8e+07,20.1,0.3,0.2,0
"813","Oceania",2020-04-12,7663,30,64,3,17,33,"Oceania",3.8e+07,20.2,0.1,0.2,0
"814","Oceania",2020-04-13,7718,55,66,2,18,34,"Oceania",3.8e+07,20.3,0.1,0.2,0
"815","Oceania",2020-04-14,7799,81,71,5,19,35,"Oceania",3.8e+07,20.5,0.2,0.2,0
"816","Oceania",2020-04-15,7844,45,72,1,20,36,"Oceania",3.8e+07,20.6,0.1,0.2,0
"817","Oceania",2020-04-16,7887,43,72,0,21,37,"Oceania",3.8e+07,20.8,0.1,0.2,0
"818","Oceania",2020-04-17,7955,68,77,5,22,38,"Oceania",3.8e+07,20.9,0.2,0.2,0
"819","Oceania",2020-04-18,8014,59,78,1,23,39,"Oceania",3.8e+07,21.1,0.2,0.2,0
"820","Oceania",2020-04-19,8065,51,79,1,24,40,"Oceania",3.8e+07,21.2,0.1,0.2,0
"821","Oceania",2020-04-20,8088,23,79,0,25,41,"Oceania",3.8e+07,21.3,0.1,0.2,0
"822","Oceania",2020-04-21,8115,27,80,1,26,42,"Oceania",3.8e+07,21.4,0.1,0.2,0
"823","Oceania",2020-04-22,8129,14,81,1,27,43,"Oceania",3.8e+07,21.4,0,0.2,0
"824","Oceania",2020-04-23,8144,15,92,11,28,44,"Oceania",3.8e+07,21.4,0,0.2,0
"825","Oceania",2020-04-24,8164,20,97,5,29,45,"Oceania",3.8e+07,21.5,0.1,0.3,0
"826","Oceania",2020-04-25,8190,26,98,1,30,46,"Oceania",3.8e+07,21.6,0.1,0.3,0
"827","Oceania",2020-04-26,8209,20,102,4,31,47,"Oceania",3.8e+07,21.6,0.1,0.3,0
"828","Oceania",2020-04-27,8219,10,102,0,32,48,"Oceania",3.8e+07,21.6,0,0.3,0
"829","Oceania",2020-04-28,8244,25,108,6,33,49,"Oceania",3.8e+07,21.7,0.1,0.3,0
"830","Oceania",2020-04-29,8254,10,110,2,34,50,"Oceania",3.8e+07,21.7,0,0.3,0
"831","Oceania",2020-04-30,8271,17,112,2,35,51,"Oceania",3.8e+07,21.8,0,0.3,0
"832","Oceania",2020-05-01,8289,18,113,1,36,52,"Oceania",3.8e+07,21.8,0,0.3,0
"833","Oceania",2020-05-02,8312,23,114,1,37,53,"Oceania",3.8e+07,21.9,0.1,0.3,0
"834","Oceania",2020-05-03,8335,23,115,1,38,54,"Oceania",3.8e+07,21.9,0.1,0.3,0
"835","Oceania",2020-05-04,8359,25,116,1,39,55,"Oceania",3.8e+07,22,0.1,0.3,0
"836","Oceania",2020-05-05,8389,30,118,2,40,56,"Oceania",3.8e+07,22.1,0.1,0.3,0
"837","Oceania",2020-05-06,8409,20,118,0,41,57,"Oceania",3.8e+07,22.1,0.1,0.3,0
"838","Oceania",2020-05-07,8429,20,118,0,42,58,"Oceania",3.8e+07,22.2,0.1,0.3,0
"839","Oceania",2020-05-08,8436,7,118,0,43,59,"Oceania",3.8e+07,22.2,0,0.3,0
"840","Oceania",2020-05-09,8459,23,118,0,44,60,"Oceania",3.8e+07,22.3,0.1,0.3,0
"841","Oceania",2020-05-10,8471,12,118,0,45,61,"Oceania",3.8e+07,22.3,0,0.3,0
"842","Oceania",2020-05-11,8493,22,118,0,46,62,"Oceania",3.8e+07,22.4,0.1,0.3,0
"843","Oceania",2020-05-12,8503,10,119,1,47,63,"Oceania",3.8e+07,22.4,0,0.3,0
"844","Oceania",2020-05-13,8512,9,119,0,48,64,"Oceania",3.8e+07,22.4,0,0.3,0
"845","Oceania",2020-05-14,8543,31,119,0,49,65,"Oceania",3.8e+07,22.5,0.1,0.3,0
"846","Oceania",2020-05-15,8559,16,119,0,50,66,"Oceania",3.8e+07,22.5,0,0.3,0
"847","Oceania",2020-05-16,8569,10,119,0,51,67,"Oceania",3.8e+07,22.6,0,0.3,0
"848","Oceania",2020-05-17,8579,10,120,1,52,68,"Oceania",3.8e+07,22.6,0,0.3,0
"849","Oceania",2020-05-18,8593,14,120,0,53,69,"Oceania",3.8e+07,22.6,0,0.3,0
"850","Oceania",2020-05-19,8601,8,121,1,54,70,"Oceania",3.8e+07,22.6,0,0.3,0
"851","Oceania",2020-05-20,8610,9,121,0,55,71,"Oceania",3.8e+07,22.7,0,0.3,0
"852","Oceania",2020-05-21,8625,15,122,1,56,72,"Oceania",3.8e+07,22.7,0,0.3,0
"853","Oceania",2020-05-22,8629,4,122,0,57,73,"Oceania",3.8e+07,22.7,0,0.3,0
"854","Oceania",2020-05-23,8644,15,123,1,58,74,"Oceania",3.8e+07,22.7,0,0.3,0
"855","Oceania",2020-05-24,8644,0,123,0,59,75,"Oceania",3.8e+07,22.7,0,0.3,0
"856","Oceania",2020-05-25,8656,12,123,0,60,76,"Oceania",3.8e+07,22.8,0,0.3,0
"857","Oceania",2020-05-26,8669,13,124,1,61,77,"Oceania",3.8e+07,22.8,0,0.3,0
"858","Oceania",2020-05-27,8680,11,125,1,62,78,"Oceania",3.8e+07,22.8,0,0.3,0
"859","Oceania",2020-05-28,8695,15,125,0,63,79,"Oceania",3.8e+07,22.9,0,0.3,0
"860","Oceania",2020-05-29,8714,19,125,0,64,80,"Oceania",3.8e+07,22.9,0,0.3,0
"861","Oceania",2020-05-30,8722,8,125,0,65,81,"Oceania",3.8e+07,23,0,0.3,0
"862","Oceania",2020-05-31,8732,10,125,0,66,82,"Oceania",3.8e+07,23,0,0.3,0
"863","Oceania",2020-06-01,8751,19,124,0,67,83,"Oceania",3.8e+07,23,0,0.3,0
"864","Oceania",2020-06-02,8759,8,124,0,68,84,"Oceania",3.8e+07,23,0,0.3,0
"865","Oceania",2020-06-03,8770,11,124,0,69,85,"Oceania",3.8e+07,23.1,0,0.3,0
"866","Oceania",2020-06-04,8777,7,124,0,70,86,"Oceania",3.8e+07,23.1,0,0.3,0
"867","Oceania",2020-06-05,8782,5,124,0,71,87,"Oceania",3.8e+07,23.1,0,0.3,0
"868","Oceania",2020-06-06,8789,7,124,0,72,88,"Oceania",3.8e+07,23.1,0,0.3,0
"869","Oceania",2020-06-07,8795,6,124,0,73,89,"Oceania",3.8e+07,23.1,0,0.3,0
"870","Oceania",2020-06-08,8797,2,124,0,74,90,"Oceania",3.8e+07,23.1,0,0.3,0
"871","Oceania",2020-06-09,8804,7,124,0,75,91,"Oceania",3.8e+07,23.2,0,0.3,0
"872","Oceania",2020-06-10,8815,11,124,0,76,92,"Oceania",3.8e+07,23.2,0,0.3,0
"873","Oceania",2020-06-11,8819,4,124,0,77,93,"Oceania",3.8e+07,23.2,0,0.3,0
"874","Oceania",2020-06-12,8824,5,124,0,78,94,"Oceania",3.8e+07,23.2,0,0.3,0
"875","Oceania",2020-06-13,8850,26,124,0,79,95,"Oceania",3.8e+07,23.3,0.1,0.3,0
"876","Oceania",2020-06-14,8865,15,124,0,80,96,"Oceania",3.8e+07,23.3,0,0.3,0
"877","Oceania",2020-06-15,8879,14,124,0,81,97,"Oceania",3.8e+07,23.4,0,0.3,0
"878","Oceania",2020-06-16,8902,23,124,0,82,98,"Oceania",3.8e+07,23.4,0.1,0.3,0
"879","Oceania",2020-06-17,8924,22,124,0,83,99,"Oceania",3.8e+07,23.5,0.1,0.3,0
"880","Oceania",2020-06-18,8942,18,124,0,84,100,"Oceania",3.8e+07,23.5,0,0.3,0
"881","Oceania",2020-06-19,8946,4,124,0,85,101,"Oceania",3.8e+07,23.5,0,0.3,0
"882","Oceania",2020-06-20,8998,52,124,0,86,102,"Oceania",3.8e+07,23.7,0.1,0.3,0
"883","Oceania",2020-06-21,9013,15,124,0,87,103,"Oceania",3.8e+07,23.7,0,0.3,0
"884","Oceania",2020-06-22,9034,21,124,0,88,104,"Oceania",3.8e+07,23.8,0.1,0.3,0
"885","Oceania",2020-06-23,9064,30,125,1,89,105,"Oceania",3.8e+07,23.9,0.1,0.3,0
"886","Oceania",2020-06-24,9105,41,126,1,90,106,"Oceania",3.8e+07,24,0.1,0.3,0
"887","Oceania",2020-06-25,9143,38,126,0,91,107,"Oceania",3.8e+07,24.1,0.1,0.3,0
"888","Oceania",2020-06-26,9152,9,126,0,92,108,"Oceania",3.8e+07,24.1,0,0.3,0
"889","Oceania",2020-06-27,9241,89,126,0,93,109,"Oceania",3.8e+07,24.3,0.2,0.3,0
"890","Oceania",2020-06-28,9321,80,126,0,94,110,"Oceania",3.8e+07,24.5,0.2,0.3,0
"891","Oceania",2020-06-29,9391,70,126,0,95,111,"Oceania",3.8e+07,24.7,0.2,0.3,0
"892","Oceania",2020-06-30,9477,86,126,0,96,112,"Oceania",3.8e+07,24.9,0.2,0.3,0
"893","Oceania",2020-07-01,9560,83,126,0,97,113,"Oceania",3.8e+07,25.2,0.2,0.3,0
"894","Oceania",2020-07-02,9625,65,126,0,98,114,"Oceania",3.8e+07,25.3,0.2,0.3,0
"895","Oceania",2020-07-03,9819,194,126,0,99,115,"Oceania",3.8e+07,25.8,0.5,0.3,0
"896","Oceania",2020-07-04,10005,186,126,0,100,116,"Oceania",3.8e+07,26.3,0.5,0.3,0
"897","Oceania",2020-07-05,10147,142,128,2,101,117,"Oceania",3.8e+07,26.7,0.4,0.3,0
"898","Oceania",2020-07-06,10323,176,128,0,102,118,"Oceania",3.8e+07,27.2,0.5,0.3,0
"899","Oceania",2020-07-07,10455,132,128,0,103,119,"Oceania",3.8e+07,27.5,0.3,0.3,0
"900","Oceania",2020-07-08,10628,173,128,0,104,120,"Oceania",3.8e+07,28,0.5,0.3,0
"901","Oceania",2020-07-09,10953,325,128,0,105,121,"Oceania",3.8e+07,28.8,0.9,0.3,0
"902","Oceania",2020-07-10,11133,180,129,1,106,122,"Oceania",3.8e+07,29.3,0.5,0.3,0
"903","Oceania",2020-07-11,11378,245,130,1,107,123,"Oceania",3.8e+07,29.9,0.6,0.3,0
"904","Oceania",2020-07-12,11561,183,130,0,108,124,"Oceania",3.8e+07,30.4,0.5,0.3,0
"905","Oceania",2020-07-13,11833,272,130,0,109,125,"Oceania",3.8e+07,31.1,0.7,0.3,0
"906","Oceania",2020-07-14,12071,238,133,3,110,126,"Oceania",3.8e+07,31.8,0.6,0.3,0
"907","Oceania",2020-07-15,12395,324,135,2,111,127,"Oceania",3.8e+07,32.6,0.9,0.4,0
"908","Oceania",2020-07-16,12819,424,138,3,112,128,"Oceania",3.8e+07,33.7,1.1,0.4,0
"909","Oceania",2020-07-17,13032,213,140,2,113,129,"Oceania",3.8e+07,34.3,0.6,0.4,0
"910","Oceania",2020-07-18,13397,365,144,4,114,130,"Oceania",3.8e+07,35.3,1,0.4,0
"911","Oceania",2020-07-19,13666,269,145,1,115,131,"Oceania",3.8e+07,36,0.7,0.4,0
"912","Oceania",2020-07-20,14029,363,149,4,116,132,"Oceania",3.8e+07,36.9,1,0.4,0
"913","Oceania",2020-07-21,14503,474,151,2,117,133,"Oceania",3.8e+07,38.2,1.2,0.4,0
"914","Oceania",2020-07-22,14914,411,155,5,118,134,"Oceania",3.8e+07,39.2,1.1,0.4,0
"915","Oceania",2020-07-23,15209,295,161,6,119,135,"Oceania",3.8e+07,40,0.8,0.4,0
"916","Oceania",2020-07-24,15565,356,167,6,120,136,"Oceania",3.8e+07,41,0.9,0.4,0
"917","Oceania",2020-07-25,16025,460,177,10,121,137,"Oceania",3.8e+07,42.2,1.2,0.5,0
"918","Oceania",2020-07-26,16580,555,183,6,122,138,"Oceania",3.8e+07,43.6,1.5,0.5,0
"919","Oceania",2020-07-27,16949,369,189,6,123,139,"Oceania",3.8e+07,44.6,1,0.5,0
"920","Oceania",2020-07-28,17231,282,198,9,124,140,"Oceania",3.8e+07,45.3,0.7,0.5,0
"921","Oceania",2020-07-29,17948,717,212,14,125,141,"Oceania",3.8e+07,47.2,1.9,0.6,0
"922","South America",2020-02-23,2,2,0,0,0,0,"South America",4.2e+08,0,0,0,0
"923","South America",2020-02-24,2,0,0,0,0,0,"South America",4.2e+08,0,0,0,0
"924","South America",2020-02-25,2,0,0,0,0,0,"South America",4.2e+08,0,0,0,0
"925","South America",2020-02-26,3,1,0,0,0,0,"South America",4.2e+08,0,0,0,0
"926","South America",2020-02-27,3,0,0,0,0,0,"South America",4.2e+08,0,0,0,0
"927","South America",2020-02-28,3,0,0,0,0,0,"South America",4.2e+08,0,0,0,0
"928","South America",2020-02-29,4,1,0,0,0,0,"South America",4.2e+08,0,0,0,0
"929","South America",2020-03-01,17,13,0,0,0,0,"South America",4.2e+08,0,0,0,0
"930","South America",2020-03-02,17,0,0,0,0,0,"South America",4.2e+08,0,0,0,0
"931","South America",2020-03-03,20,3,0,0,0,0,"South America",4.2e+08,0,0,0,0
"932","South America",2020-03-04,25,5,0,0,0,0,"South America",4.2e+08,0,0,0,0
"933","South America",2020-03-05,31,6,0,0,0,0,"South America",4.2e+08,0,0,0,0
"934","South America",2020-03-06,43,12,0,0,0,0,"South America",4.2e+08,0,0,0,0
"935","South America",2020-03-07,49,6,0,0,0,0,"South America",4.2e+08,0,0,0,0
"936","South America",2020-03-08,74,25,1,1,0,0,"South America",4.2e+08,0,0,0,0
"937","South America",2020-03-09,81,7,1,0,0,0,"South America",4.2e+08,0,0,0,0
"938","South America",2020-03-10,103,22,1,0,0,0,"South America",4.2e+08,0,0,0,0
"939","South America",2020-03-11,136,33,1,0,0,1,"South America",4.2e+08,0,0,0,0
"940","South America",2020-03-12,155,19,2,1,0,2,"South America",4.2e+08,0,0,0,0
"941","South America",2020-03-13,309,154,3,1,0,3,"South America",4.2e+08,0.1,0,0,0
"942","South America",2020-03-14,387,78,5,2,0,4,"South America",4.2e+08,0.1,0,0,0
"943","South America",2020-03-15,452,65,5,0,0,5,"South America",4.2e+08,0.1,0,0,0
"944","South America",2020-03-16,688,236,5,0,0,6,"South America",4.2e+08,0.2,0.1,0,0
"945","South America",2020-03-17,978,290,6,1,0,7,"South America",4.2e+08,0.2,0.1,0,0
"946","South America",2020-03-18,1220,242,8,2,0,8,"South America",4.2e+08,0.3,0.1,0,0
"947","South America",2020-03-19,1691,471,13,5,0,9,"South America",4.2e+08,0.4,0.1,0,0
"948","South America",2020-03-20,2332,641,23,10,1,10,"South America",4.2e+08,0.6,0.2,0,0
"949","South America",2020-03-21,3044,712,33,10,2,11,"South America",4.2e+08,0.7,0.2,0,0
"950","South America",2020-03-22,4180,1136,53,20,3,12,"South America",4.2e+08,1,0.3,0,0
"951","South America",2020-03-23,4992,812,68,15,4,13,"South America",4.2e+08,1.2,0.2,0,0
"952","South America",2020-03-24,5828,851,94,26,5,14,"South America",4.2e+08,1.4,0.2,0,0
"953","South America",2020-03-25,6651,823,115,21,6,15,"South America",4.2e+08,1.6,0.2,0,0
"954","South America",2020-03-26,7764,1113,143,28,7,16,"South America",4.2e+08,1.8,0.3,0,0
"955","South America",2020-03-27,8947,1183,168,25,8,17,"South America",4.2e+08,2.1,0.3,0,0
"956","South America",2020-03-28,10279,1332,212,44,9,18,"South America",4.2e+08,2.4,0.3,0.1,0
"957","South America",2020-03-29,11308,1029,256,44,10,19,"South America",4.2e+08,2.7,0.2,0.1,0
"958","South America",2020-03-30,12296,988,298,42,11,20,"South America",4.2e+08,2.9,0.2,0.1,0
"959","South America",2020-03-31,14492,2196,376,78,12,21,"South America",4.2e+08,3.5,0.5,0.1,0
"960","South America",2020-04-01,16869,2377,449,73,13,22,"South America",4.2e+08,4,0.6,0.1,0
"961","South America",2020-04-02,19169,2300,596,147,14,23,"South America",4.2e+08,4.6,0.5,0.1,0
"962","South America",2020-04-03,21190,2021,679,83,15,24,"South America",4.2e+08,5,0.5,0.2,0
"963","South America",2020-04-04,23606,2416,822,143,16,25,"South America",4.2e+08,5.6,0.6,0.2,0
"964","South America",2020-04-05,25518,1912,893,71,17,26,"South America",4.2e+08,6.1,0.5,0.2,0
"965","South America",2020-04-06,27528,2010,1012,119,18,27,"South America",4.2e+08,6.6,0.5,0.2,0
"966","South America",2020-04-07,30394,2866,1172,160,19,28,"South America",4.2e+08,7.2,0.7,0.3,0
"967","South America",2020-04-08,35470,5076,1390,218,20,29,"South America",4.2e+08,8.4,1.2,0.3,0.1
"968","South America",2020-04-09,39576,4106,1604,214,21,30,"South America",4.2e+08,9.4,1,0.4,0.1
"969","South America",2020-04-10,44948,5372,1798,194,22,31,"South America",4.2e+08,10.7,1.3,0.4,0
"970","South America",2020-04-11,48021,3073,1925,127,23,32,"South America",4.2e+08,11.4,0.7,0.5,0
"971","South America",2020-04-12,50897,2897,2081,156,24,33,"South America",4.2e+08,12.1,0.7,0.5,0
"972","South America",2020-04-13,54971,4074,2247,166,25,34,"South America",4.2e+08,13.1,1,0.5,0
"973","South America",2020-04-14,58031,3060,2511,264,26,35,"South America",4.2e+08,13.8,0.7,0.6,0.1
"974","South America",2020-04-15,63226,5195,2775,264,27,36,"South America",4.2e+08,15.1,1.2,0.7,0.1
"975","South America",2020-04-16,67577,4351,3027,252,28,37,"South America",4.2e+08,16.1,1,0.7,0.1
"976","South America",2020-04-17,72869,5292,3318,291,29,38,"South America",4.2e+08,17.3,1.3,0.8,0.1
"977","South America",2020-04-18,78589,5720,3643,325,30,39,"South America",4.2e+08,18.7,1.4,0.9,0.1
"978","South America",2020-04-19,82922,4333,3847,204,31,40,"South America",4.2e+08,19.7,1,0.9,0
"979","South America",2020-04-20,87127,4205,4071,224,32,41,"South America",4.2e+08,20.7,1,1,0.1
"980","South America",2020-04-21,91904,4777,4307,236,33,42,"South America",4.2e+08,21.9,1.1,1,0.1
"981","South America",2020-04-22,97257,5353,4567,260,34,43,"South America",4.2e+08,23.2,1.3,1.1,0.1
"982","South America",2020-04-23,104673,7416,5093,526,35,44,"South America",4.2e+08,24.9,1.8,1.2,0.1
"983","South America",2020-04-24,122066,17393,5572,479,36,45,"South America",4.2e+08,29.1,4.1,1.3,0.1
"984","South America",2020-04-25,132929,10863,6019,447,37,46,"South America",4.2e+08,31.6,2.6,1.4,0.1
"985","South America",2020-04-26,139810,6881,6308,289,38,47,"South America",4.2e+08,33.3,1.6,1.5,0.1
"986","South America",2020-04-27,146752,6942,6792,484,39,48,"South America",4.2e+08,34.9,1.7,1.6,0.1
"987","South America",2020-04-28,157133,10381,7589,797,40,49,"South America",4.2e+08,37.4,2.5,1.8,0.2
"988","South America",2020-04-29,167745,10612,8149,560,41,50,"South America",4.2e+08,39.9,2.5,1.9,0.1
"989","South America",2020-04-30,180235,12490,8810,661,42,51,"South America",4.2e+08,42.9,3,2.1,0.2
"990","South America",2020-05-01,191859,11624,9485,681,43,52,"South America",4.2e+08,45.7,2.8,2.3,0.2
"991","South America",2020-05-02,203206,11347,10258,773,44,53,"South America",4.2e+08,48.4,2.7,2.4,0.2
"992","South America",2020-05-03,215278,12072,10870,612,45,54,"South America",4.2e+08,51.3,2.9,2.6,0.1
"993","South America",2020-05-04,227366,12088,11297,427,46,55,"South America",4.2e+08,54.1,2.9,2.7,0.1
"994","South America",2020-05-05,240319,12953,12002,705,47,56,"South America",4.2e+08,57.2,3.1,2.9,0.2
"995","South America",2020-05-06,256783,16464,12829,827,48,57,"South America",4.2e+08,61.1,3.9,3.1,0.2
"996","South America",2020-05-07,270494,15294,13595,766,49,58,"South America",4.2e+08,64.4,3.6,3.2,0.2
"997","South America",2020-05-08,285986,16972,14605,1010,50,59,"South America",4.2e+08,68.1,4,3.5,0.2
"998","South America",2020-05-09,302960,16974,15399,794,51,60,"South America",4.2e+08,72.1,4,3.7,0.2
"999","South America",2020-05-10,315021,12061,16387,988,52,61,"South America",4.2e+08,75,2.9,3.9,0.2
"1000","South America",2020-05-11,325675,10704,17047,660,53,62,"South America",4.2e+08,77.5,2.5,4.1,0.2
"1001","South America",2020-05-12,341201,15526,18170,1123,54,63,"South America",4.2e+08,81.2,3.7,4.3,0.3
"1002","South America",2020-05-13,361261,20060,19120,950,55,64,"South America",4.2e+08,86,4.8,4.6,0.2
"1003","South America",2020-05-14,382472,21211,20053,933,56,65,"South America",4.2e+08,91.1,5.1,4.8,0.2
"1004","South America",2020-05-15,408132,25660,21459,1406,57,66,"South America",4.2e+08,97.2,6.1,5.1,0.3
"1005","South America",2020-05-16,433543,25411,22435,976,58,67,"South America",4.2e+08,103.2,6.1,5.3,0.2
"1006","South America",2020-05-17,448822,15279,23120,685,59,68,"South America",4.2e+08,106.9,3.6,5.5,0.2
"1007","South America",2020-05-18,469737,20915,24119,999,60,69,"South America",4.2e+08,111.8,5,5.7,0.2
"1008","South America",2020-05-19,496363,26626,25492,1373,61,70,"South America",4.2e+08,118.2,6.3,6.1,0.3
"1009","South America",2020-05-20,527086,30723,26599,1107,62,71,"South America",4.2e+08,125.5,7.3,6.3,0.3
"1010","South America",2020-05-21,556384,29298,28058,1459,63,72,"South America",4.2e+08,132.5,7,6.7,0.3
"1011","South America",2020-05-22,586893,30509,29375,1317,64,73,"South America",4.2e+08,139.7,7.3,7,0.3
"1012","South America",2020-05-23,619904,33011,30599,1224,65,74,"South America",4.2e+08,147.6,7.9,7.3,0.3
"1013","South America",2020-05-24,646334,26430,31431,832,66,75,"South America",4.2e+08,153.9,6.3,7.5,0.2
"1014","South America",2020-05-25,669369,23035,32599,1168,67,76,"South America",4.2e+08,159.4,5.5,7.8,0.3
"1015","South America",2020-05-26,697577,28208,33899,1300,68,77,"South America",4.2e+08,166.1,6.7,8.1,0.3
"1016","South America",2020-05-27,731900,34323,35336,1437,69,78,"South America",4.2e+08,174.3,8.2,8.4,0.3
"1017","South America",2020-05-28,771978,40078,36735,1399,70,79,"South America",4.2e+08,183.8,9.5,8.7,0.3
"1018","South America",2020-05-29,811657,39679,38118,1383,71,80,"South America",4.2e+08,193.3,9.4,9.1,0.3
"1019","South America",2020-05-30,868854,57197,39324,1206,72,81,"South America",4.2e+08,206.9,13.6,9.4,0.3
"1020","South America",2020-05-31,901684,32830,40083,759,73,82,"South America",4.2e+08,214.7,7.8,9.5,0.2
"1021","South America",2020-06-01,926722,25038,40974,891,74,83,"South America",4.2e+08,220.6,6,9.8,0.2
"1022","South America",2020-06-02,971518,44796,42611,1637,75,84,"South America",4.2e+08,231.3,10.7,10.1,0.4
"1023","South America",2020-06-03,1009723,38205,44298,1687,76,85,"South America",4.2e+08,240.4,9.1,10.5,0.4
"1024","South America",2020-06-04,1053061,43338,46071,1773,77,86,"South America",4.2e+08,250.7,10.3,11,0.4
"1025","South America",2020-06-05,1095816,42755,47441,1370,78,87,"South America",4.2e+08,260.9,10.2,11.3,0.3
"1026","South America",2020-06-06,1145593,49777,48756,1315,79,88,"South America",4.2e+08,272.8,11.9,11.6,0.3
"1027","South America",2020-06-07,1178455,32862,49635,879,80,89,"South America",4.2e+08,280.6,7.8,11.8,0.2
"1028","South America",2020-06-08,1204971,26516,51157,1522,81,90,"South America",4.2e+08,286.9,6.3,12.2,0.4
"1029","South America",2020-06-09,1248962,43991,52764,1607,82,91,"South America",4.2e+08,297.4,10.5,12.6,0.4
"1030","South America",2020-06-10,1296778,47816,54529,1765,83,92,"South America",4.2e+08,308.8,11.4,13,0.4
"1031","South America",2020-06-11,1342721,45943,56232,1703,84,93,"South America",4.2e+08,319.7,10.9,13.4,0.4
"1032","South America",2020-06-12,1380705,37984,57575,1343,85,94,"South America",4.2e+08,328.7,9,13.7,0.3
"1033","South America",2020-06-13,1421503,40798,59068,1493,86,95,"South America",4.2e+08,338.5,9.7,14.1,0.4
"1034","South America",2020-06-14,1459140,37637,60424,1356,87,96,"South America",4.2e+08,347.4,9,14.4,0.3
"1035","South America",2020-06-15,1492815,33675,61400,976,88,97,"South America",4.2e+08,355.4,8,14.6,0.2
"1036","South America",2020-06-16,1541698,48883,63070,1670,89,98,"South America",4.2e+08,367.1,11.6,15,0.4
"1037","South America",2020-06-17,1584661,42963,64928,1858,90,99,"South America",4.2e+08,377.3,10.2,15.5,0.4
"1038","South America",2020-06-18,1622079,37418,66816,1888,91,100,"South America",4.2e+08,386.2,8.9,15.9,0.4
"1039","South America",2020-06-19,1693540,71461,68689,1873,92,101,"South America",4.2e+08,403.2,17,16.4,0.4
"1040","South America",2020-06-20,1742241,48701,70237,1548,93,102,"South America",4.2e+08,414.8,11.6,16.7,0.4
"1041","South America",2020-06-21,1773767,31526,71450,1213,94,103,"South America",4.2e+08,422.3,7.5,17,0.3
"1042","South America",2020-06-22,1809973,36206,72485,1035,95,104,"South America",4.2e+08,430.9,8.6,17.3,0.2
"1043","South America",2020-06-23,1863309,53336,74250,1765,96,105,"South America",4.2e+08,443.6,12.7,17.7,0.4
"1044","South America",2020-06-24,1921192,57883,76003,1753,97,106,"South America",4.2e+08,457.4,13.8,18.1,0.4
"1045","South America",2020-06-25,1978122,56930,77795,1792,98,107,"South America",4.2e+08,471,13.6,18.5,0.4
"1046","South America",2020-06-26,2041775,63653,79405,1610,99,108,"South America",4.2e+08,486.1,15.2,18.9,0.4
"1047","South America",2020-06-27,2097700,55925,81198,1793,100,109,"South America",4.2e+08,499.5,13.3,19.3,0.4
"1048","South America",2020-06-28,2143098,45398,82410,1212,101,110,"South America",4.2e+08,510.3,10.8,19.6,0.3
"1049","South America",2020-06-29,2181049,37951,83636,1226,102,111,"South America",4.2e+08,519.3,9,19.9,0.3
"1050","South America",2020-06-30,2228423,47374,85370,1734,103,112,"South America",4.2e+08,530.6,11.3,20.3,0.4
"1051","South America",2020-07-01,2291011,62588,86970,1600,104,113,"South America",4.2e+08,545.5,14.9,20.7,0.4
"1052","South America",2020-07-02,2354770,63759,88916,1946,105,114,"South America",4.2e+08,560.7,15.2,21.2,0.5
"1053","South America",2020-07-03,2413190,58420,90818,1902,106,115,"South America",4.2e+08,574.6,13.9,21.6,0.5
"1054","South America",2020-07-04,2467229,54039,92577,1759,107,116,"South America",4.2e+08,587.4,12.9,22,0.4
"1055","South America",2020-07-05,2508904,41675,93692,1115,108,117,"South America",4.2e+08,597.4,9.9,22.3,0.3
"1056","South America",2020-07-06,2542875,33971,94878,1186,109,118,"South America",4.2e+08,605.4,8.1,22.6,0.3
"1057","South America",2020-07-07,2603674,60799,96684,1806,110,119,"South America",4.2e+08,619.9,14.5,23,0.4
"1058","South America",2020-07-08,2663536,59862,98498,1814,111,120,"South America",4.2e+08,634.2,14.3,23.5,0.4
"1059","South America",2020-07-09,2724410,60874,100314,1816,112,121,"South America",4.2e+08,648.7,14.5,23.9,0.4
"1060","South America",2020-07-10,2788706,64296,102185,1871,113,122,"South America",4.2e+08,664,15.3,24.3,0.4
"1061","South America",2020-07-11,2846155,57449,103917,1732,114,123,"South America",4.2e+08,677.7,13.7,24.7,0.4
"1062","South America",2020-07-12,2887154,40999,105132,1215,115,124,"South America",4.2e+08,687.4,9.8,25,0.3
"1063","South America",2020-07-13,2922754,35600,106382,1250,116,125,"South America",4.2e+08,695.9,8.5,25.3,0.3
"1064","South America",2020-07-14,2982619,59865,108239,1857,117,126,"South America",4.2e+08,710.1,14.3,25.8,0.4
"1065","South America",2020-07-15,3040351,57732,110125,1886,118,127,"South America",4.2e+08,723.9,13.7,26.2,0.4
"1066","South America",2020-07-16,3107386,67035,112125,2000,119,128,"South America",4.2e+08,739.9,16,26.7,0.5
"1067","South America",2020-07-17,3165239,57853,114967,2842,120,129,"South America",4.2e+08,753.6,13.8,27.4,0.7
"1068","South America",2020-07-18,3215434,50195,116550,1583,121,130,"South America",4.2e+08,765.6,12,27.8,0.4
"1069","South America",2020-07-19,3258568,43134,117854,1304,122,131,"South America",4.2e+08,775.8,10.3,28.1,0.3
"1070","South America",2020-07-20,3298308,39740,119197,1343,123,132,"South America",4.2e+08,785.3,9.5,28.4,0.3
"1071","South America",2020-07-21,3361311,63003,121266,2069,124,133,"South America",4.2e+08,800.3,15,28.9,0.5
"1072","South America",2020-07-22,3451993,90682,123201,1935,125,134,"South America",4.2e+08,821.9,21.6,29.3,0.5
"1073","South America",2020-07-23,3535582,83589,129051,5850,126,135,"South America",4.2e+08,841.8,19.9,30.7,1.4
"1074","South America",2020-07-24,3614507,78925,130967,1916,127,136,"South America",4.2e+08,860.6,18.8,31.2,0.5
"1075","South America",2020-07-25,3683684,69177,132771,1804,128,137,"South America",4.2e+08,877.1,16.5,31.6,0.4
"1076","South America",2020-07-26,3717194,33510,133525,754,129,138,"South America",4.2e+08,885,8,31.8,0.2
"1077","South America",2020-07-27,3780484,63290,135506,1981,130,139,"South America",4.2e+08,900.1,15.1,32.3,0.5
"1078","South America",2020-07-28,3847711,67227,137223,1717,131,140,"South America",4.2e+08,916.1,16,32.7,0.4
"1079","South America",2020-07-29,3941567,93856,139684,2461,132,141,"South America",4.2e+08,938.5,22.3,33.3,0.6
